Asset_ID,Category,Canonical_Name,Runtime_ID,Source_Type,Source_Page,Direct_Asset_URL,Mapping_Status,Use_Mode,Evidence,Notes
MAP_OLD_TOWNS,MAP,구 마을맵 9장,map_old_towns_ref,SCREENSHOT_SET,https://lod.nexon.com/Community/screenshot/136184?Category2=2,"file.nexon.com oidFile 5053116125680767924~7931,7934",SOURCE_FOUND,REFERENCE_ONLY,V,게시물 제목에 밀레스/구아벨/구뤼케시온/구루어스/구마인 명시. 9개 이미지 링크 확인.
MAP_POTE_SCREEN,MAP,포테의숲 실제 화면,map_pote_ref,SCREENSHOT,https://lod.nexon.com/Community/screenshot/121538?Category2=2,https://storage.nexon.com/Data01/GnxFile/004/100/000/00/07/18016979784834580.bmp,DIRECT_URL_FOUND,REFERENCE_ONLY,V,2004 공식 태그 스크린샷. 원본 BMP URL 확인.
MAP_MILLES_GRAVE_ENTRANCE,MAP,밀레스 지하묘지 입구,map_milles_grave_ref,SCREENSHOT,https://lod.nexon.com/Community/screenshot/137461?Category2=2&Page=27,https://storage.nexon.com/dsk03/13/NX_FILE/Board/196608/05/2/000/00/69/5557538701493472772.png,DIRECT_URL_FOUND,REFERENCE_ONLY,V,2024 공식 태그 스크린샷. 저장소 리다이렉트 URL 확인.
MAP_HORROR_SCREEN,MAP,호러캐슬 실제 화면,map_horror_ref,SCREENSHOT,https://lod.nexon.com/Community/screenshot/134341?Category2=2,,SOURCE_FOUND,REFERENCE_ONLY,V,2015 호러캐슬 스크린샷 게시물 확인. 직접 이미지 URL은 추가 추출 필요.
MAP_DEATH_SCREEN,MAP,죽음의마을 실제 화면,map_death_ref,SCREENSHOT_SET,https://lod.nexon.com/News/notice/129289,,SOURCE_FOUND,REFERENCE_ONLY,V,2009 게시물에 죽음의마을 이미지 2장 확인.
UI_BASIC,UI,기본 화면,ui_basic_ref,OFFICIAL_GUIDE_IMAGE,https://lod.nexon.com/info/guide/82285,https://storage.nexon.com/dsk00/00/NX_FILE/Board/65536/05/2/000/00/69/4620789979000410365.png,DIRECT_URL_FOUND,REFERENCE_ONLY,O,"HP/MP, EXP, minimap, unified slots, map structure reference."
UI_WORLDMAP_1,UI,월드맵 이미지1,ui_worldmap_1,OFFICIAL_GUIDE_IMAGE,https://lod.nexon.com/info/guide/82285,https://storage.nexon.com/dsk01/06/NX_FILE/Board/65536/05/1/000/00/00/5053132257577926885.png,DIRECT_URL_FOUND,REFERENCE_ONLY,O,
UI_WORLDMAP_2,UI,월드맵 이미지2,ui_worldmap_2,OFFICIAL_GUIDE_IMAGE,https://lod.nexon.com/info/guide/82285,https://storage.nexon.com/dsk01/04/NX_FILE/Board/65536/05/1/000/00/00/4909017975740170375.png,DIRECT_URL_FOUND,REFERENCE_ONLY,O,
UI_GROUP,UI,그룹 UI,ui_group_ref,OFFICIAL_GUIDE_IMAGE,https://lod.nexon.com/info/guide/82285,https://storage.nexon.com/dsk03/15/NX_FILE/Board/65536/05/1/000/00/02/5701649517292554640.png,DIRECT_URL_FOUND,REFERENCE_ONLY,O,
