Rule_ID,항목,설계값,Evidence,비고,,,
HR01,방 구조,10개 이상의 테마방 풀,U,정확 원작 방 개수는 고정하지 않고 10+.,,,
HR02,방 선택,클리어 후 다음 테마방 랜덤,U,순차 고정 진행이 아님.,,,
HR03,클리어 조건,현재 방 몬스터 전멸,U+V,전멸 후 다음 방.,,,
HR04,몬스터 풀,남자전사/여자전사/남자도적/여자도적/남자마법사/여자마법사/남자성직자/여자성직자/남자무도가/여자무도가,U,10종.,,,
HR05,스폰 구성,각 방마다 10종 중 랜덤,U,방 테마와 스폰수는 후속 Map/Spawn 상세화.,,,
HR06,HP 범위,"80,000~140,000",U,원본 개체별 exact 수치는 미확정.,,,
HR07,속성,개체별 랜덤 4속성,U,센스몬스터→AUTO 속성 대응.,,,
HR08,초기 HP 구현값,80k~140k 내 10종 차등 분배,B,원본값 주장 아님.,,,
HR09,런타임 루프,방 생성→랜덤 스폰→전투→전멸→다음 랜덤 방,DESIGN,호러캐슬 core loop.,,,
