Hunting_Ground,Lv_Band,Role,Target_Monster_EXP_Min,Target_Monster_EXP_Max,Typical_EXP,Expected_Kills_per_Level_Early,Expected_Kills_per_Level_Late,Evidence,설계메모,Target_EXP_per_Hour,Target_Kills_per_Hour,Avg_sec_per_Kill,Time_Calibration_Note
밀레스/초반,1~10,튜토리얼/평민,500,5000,2500,4,15,B,초반 레벨업은 빠르게,600000,240,15,Lv1→10 0.5h 기준
포테의숲,11~40,2C,5000,30000,18000,5,40,B,후반 포테에서 30~40마리 수준 목표,4350000,241.67,14.9,Lv10→40 2h 기준
아벨해안던전,41~70,3C,25000,65000,45000,12,28,B,퀘스트/보스 EXP 별도,9500000,211.11,17.1,Lv40→70 3h 기준
뤼케시온해안던전,71~98,4C,60000,140000,100000,13,90,B,98→99는 약 90마리 수준까지 무거워짐,10000000,100,36,Lv70→90 4.5h 기준; 후반은 별도 상향
호러캐슬,99,승급 준비 반복던전,150000,200000,175000,,,U+B,사용자 기억값. HP 8~14만과 연동,15050000,86,41.86,Lv99→승급 35h 기준
죽음의마을 집안/지하,승급 후,체마/스탯 성장,250000,350000,300000,,,B,"HP 약20만 기준, 호러보다 상위 EXP 밴드",24000000,80,45,승급→STAT MAX 120h 기준
,,,,,,,,,,,,,
,,,,,,,,,,,,,
,,,,,,,,,,,,,
