Item_ID,아이템명,대분류,세부분류,직업,써클,요구Lv,슬롯,공격속성,방어속성,효과/역할,획득처,NPC판매,유저거래,Source_ID,신뢰도,비고,,,,,,,,,
IT_GLOVE_LEATHER,가죽장갑,장비,장갑,공통,2,11,장갑,,,기본 장갑,밀레스 무기점,가능,가능,SRC_GEAR_GUIDE,SOURCE,,,,,,,,,,
IT_LEGGING_LEATHER,가죽각반,장비,각반,공통,2,11,각반,,,기본 각반,밀레스 무기점,가능,가능,SRC_GEAR_GUIDE,SOURCE,,,,,,,,,,
IT_SHOES,신발,장비,신발,공통,2,11,신발,,,2써클 기본 신발,상점,가능,가능,SRC_GEAR_GUIDE,SOURCE,,,,,,,,,,
IT_SHOES_GRAY,회색신발,장비,신발,공통,2,26,신발,,,2써클 상위 신발,상점,가능,가능,SRC_GEAR_GUIDE,SOURCE,,,,,,,,,,
IT_GLOVE_COPPER,동장갑,장비,장갑,공통,3,41,장갑,,,3써클 장갑,수오미 무기점,가능,가능,SRC_GEAR_GUIDE,SOURCE,,,,,,,,,,
IT_LEGGING_COPPER,동각반,장비,각반,공통,3,41,각반,,,3써클 각반,수오미 무기점,가능,가능,SRC_GEAR_GUIDE,SOURCE,,,,,,,,,,
IT_BOOTS_GREEN,녹색신발,장비,신발,공통,3,41,신발,,,3써클 신발,수오미 무기점,가능,가능,SRC_GEAR_GUIDE,SOURCE,,,,,,,,,,
IT_BOOTS_LEATHER,레더부츠,장비,신발,공통,3,56,신발,,,3써클 상위 신발,수오미 무기점,가능,가능,SRC_GEAR_GUIDE,SOURCE,,,,,,,,,,
IT_GLOVE_AQUA,아쿠아글러브,장비,장갑,공통,3,51,장갑,,,3써클 상위 장갑,아벨해안 던전,가능,가능,SRC_GEAR_GUIDE,SOURCE,,,,,,,,,,
IT_LEGGING_CORAL,산호각반,장비,각반,공통,3,51,각반,,,3써클 상위 각반,아벨해안 던전,가능,가능,SRC_GEAR_GUIDE,SOURCE,,,,,,,,,,
IT_GLOVE_SILVER,은장갑,장비,장갑,공통,4,71,장갑,,,4써클 장갑,수오미 무기점,가능,가능,SRC_GEAR_GUIDE,SOURCE,,,,,,,,,,
IT_LEGGING_SILVER,은각반,장비,각반,공통,4,71,각반,,,4써클 각반,수오미 무기점,가능,가능,SRC_GEAR_GUIDE,SOURCE,,,,,,,,,,
IT_GLOVE_AQUALEATHER,아쿠아레더글러브,장비,장갑,공통,4,81,장갑,,,4써클 상위 장갑,드롭/거래,가능,가능,SRC_GEAR_GUIDE,SOURCE,,,,,,,,,,
IT_LEGGING_AQUA,아쿠아각반,장비,각반,공통,4,81,각반,,,4써클 상위 각반,드롭/거래,가능,가능,SRC_GEAR_GUIDE,SOURCE,,,,,,,,,,
IT_BOOTS_VIOLET,바이올렛티,장비,신발,공통,4,71,신발,,,4써클 신발,상점,가능,가능,SRC_GEAR_GUIDE,SOURCE,,,,,,,,,,
IT_BOOTS_MAGMA,마그마부츠,장비,신발,공통,4,86,신발,,,4써클 상위 신발,상점/드롭,가능,가능,SRC_GEAR_GUIDE,SOURCE,,,,,,,,,,
IT_EARRING_DOUBLE_SILVER,쌍은귀걸이,장비,귀걸이,전사/도적/무도가,2,11,귀걸이,,,저레벨 물리직 귀걸이,레벨업/상점,가능,가능,SRC_ROGUE_REWARD,SOURCE,,,,,,,,,,
IT_EARRING_DOUBLE_GOLD,쌍금귀걸이,장비,귀걸이,전사/도적/무도가,2,26,귀걸이,,,물리직 대표 귀걸이,수오미 무기점,가능,가능,SRC_GEAR_GUIDE,SOURCE,,,,,,,,,,
IT_EARRING_CORAL,산호귀걸이,장비,귀걸이,마법사/성직자,2,25,귀걸이,,,마법직 대표 귀걸이,수오미 무기점,가능,가능,SRC_GEAR_GUIDE,SOURCE,,,,,,,,,,
IT_EARRING_CORALSTONE,산호석귀걸이,장비,귀걸이,전사/도적/무도가,3,50,귀걸이,,,중레벨 물리직 귀걸이,보상/거래,가능,가능,SRC_GEAR_GUIDE,SOURCE,,,,,,,,,,
IT_EARRING_REDMARINE,레드마린귀걸이,장비,귀걸이,마법사/성직자,4,81,귀걸이,,,4써클 마법직 귀걸이,보상/거래,가능,가능,SRC_GEAR_GUIDE,SOURCE,,,,,,,,,,
IT_RING_REDJADE,홍옥반지,장비,반지,공통,2,11,반지,,,2써클 반지,보상/상점,가능,가능,SRC_WARRIOR_REWARD,SOURCE,,,,,,,,,,
IT_RING_GREENJADE,녹옥반지,장비,반지,공통,2,17,반지,,,대표 범용 반지,루어스성,가능,가능,SRC_GEAR_GUIDE,SOURCE,,,,,,,,,,
IT_RING_THREELINEGOLD,세줄금반지,장비,반지,공통,2,11,반지,,,퀘스트/드롭 대표 반지,퀘스트/드롭,가능,가능,SRC_GEAR_GUIDE,SOURCE,,,,,,,,,,
IT_RING_GORU,고루반지,장비,반지,마법사/성직자,2,11,반지,,,저레벨 마법직 반지,레벨업/상점,가능,가능,SRC_WIZARD_REWARD,SOURCE,,,,,,,,,,
IT_RING_SILVERAQUA,실버아쿠아링,장비,반지,공통,3,51,반지,,,3써클 상위 반지,아벨해안/보상,가능,가능,SRC_GEAR_GUIDE,SOURCE,,,,,,,,,,
IT_RING_GOLDAQUA,골드아쿠아링,장비,반지,공통,4,79,반지,,,4써클 상위 반지,드롭/보상,가능,가능,SRC_GEAR_GUIDE,SOURCE,,,,,,,,,,
IT_SHIELD_LEATHER,가죽방패,장비,방패,방패 가능 직업,2,11,방패,,,2써클 방패,상점/보상,가능,가능,SRC_GEAR_GUIDE,SOURCE,,,,,,,,,,
IT_SHIELD_COPPER,구리방패,장비,방패,방패 가능 직업,2,26,방패,,,2써클 상위 방패,상점/보상,가능,가능,SRC_GEAR_GUIDE,SOURCE,,,,,,,,,,
IT_SHIELD_IRON,철방패,장비,방패,방패 가능 직업,3,41,방패,,,3써클 방패,수오미/보상,가능,가능,SRC_GEAR_GUIDE,SOURCE,,,,,,,,,,
IT_SHIELD_SILVER,은제방패,장비,방패,방패 가능 직업,3,56,방패,,,3써클 상위 방패,수오미/보상,가능,가능,SRC_GEAR_GUIDE,SOURCE,,,,,,,,,,
IT_SHIELD_GOLD,금제방패,장비,방패,방패 가능 직업,4,71,방패,,,4써클 방패,수오미/보상,가능,가능,SRC_GEAR_GUIDE,SOURCE,,,,,,,,,,
IT_SHIELD_PLANUM,플라늄방패,장비,방패,방패 가능 직업,4,86,방패,,,4써클 최고급 상점 방패,수오미/보상,가능,가능,SRC_GEAR_GUIDE,SOURCE,,,,,,,,,,
IT_SHIELD_PAPAYA,파파야방패,장비,방패,방패 가능 직업,4,71,방패,,,4써클 퀘스트 보상 방패,퀘스트,가능,가능,SRC_GEAR_GUIDE,SOURCE,,,,,,,,,,
IT_NECK_WATER_PEARL,바다의진주목걸이,장비,목걸이,공통,2,11,목걸이,바다,,공격속성 설정,상점/보상,가능,가능,SRC_GEAR_GUIDE,SOURCE,,,,,,,,,,
IT_BELT_WATER_LEATHER,바다의가죽벨트,장비,벨트,공통,2,11,벨트,,바다,방어속성 설정,상점/보상,가능,가능,SRC_GEAR_GUIDE,SOURCE,,,,,,,,,,
IT_NECK_WATER_AMETHYST,바다의자수정목걸이,장비,목걸이,공통,2,20,목걸이,바다,,공격속성 설정,상점/보상,가능,가능,SRC_GEAR_GUIDE,SOURCE,,,,,,,,,,
IT_BELT_WATER_SILVER,바다의은벨트,장비,벨트,공통,2,17,벨트,,바다,방어속성 설정,상점/보상,가능,가능,SRC_GEAR_GUIDE,SOURCE,,,,,,,,,,
IT_NECK_WATER_GOLDJADE,바다의금옥목걸이,장비,목걸이,공통,2,25,목걸이,바다,,공격속성 설정,상점/보상,가능,가능,SRC_GEAR_GUIDE,SOURCE,,,,,,,,,,
IT_BELT_WATER_GOLD,바다의금벨트,장비,벨트,공통,2,36,벨트,,바다,방어속성 설정,상점/보상,가능,가능,SRC_GEAR_GUIDE,SOURCE,,,,,,,,,,
IT_NECK_WATER_BERYL,바다의벽옥목걸이,장비,목걸이,공통,3,42,목걸이,바다,,공격속성 설정,상점/보상,가능,가능,SRC_GEAR_GUIDE,SOURCE,,,,,,,,,,
IT_NECK_WATER_CRYSTAL,바다의크리스탈목걸이,장비,목걸이,공통,3,53,목걸이,바다,,공격속성 설정,상점/보상,가능,가능,SRC_GEAR_GUIDE,SOURCE,,,,,,,,,,
IT_NECK_WATER_MAGIA,바다의마기아목걸이,장비,목걸이,공통,4,72,목걸이,바다,,공격속성 설정,상점/보상,가능,가능,SRC_GEAR_GUIDE,SOURCE,,,,,,,,,,
IT_NECK_WATER_CANNA,바다의칸나목걸이,장비,목걸이,공통,4,85,목걸이,바다,,공격속성 설정,상점/보상,가능,가능,SRC_GEAR_GUIDE,SOURCE,,,,,,,,,,
IT_NECK_EARTH_PEARL,대지의진주목걸이,장비,목걸이,공통,2,11,목걸이,대지,,공격속성 설정,상점/보상,가능,가능,SRC_GEAR_GUIDE,SOURCE,,,,,,,,,,
IT_BELT_EARTH_LEATHER,대지의가죽벨트,장비,벨트,공통,2,11,벨트,,대지,방어속성 설정,상점/보상,가능,가능,SRC_GEAR_GUIDE,SOURCE,,,,,,,,,,
IT_NECK_EARTH_AMETHYST,대지의자수정목걸이,장비,목걸이,공통,2,20,목걸이,대지,,공격속성 설정,상점/보상,가능,가능,SRC_GEAR_GUIDE,SOURCE,,,,,,,,,,
IT_BELT_EARTH_SILVER,대지의은벨트,장비,벨트,공통,2,17,벨트,,대지,방어속성 설정,상점/보상,가능,가능,SRC_GEAR_GUIDE,SOURCE,,,,,,,,,,
IT_NECK_EARTH_GOLDJADE,대지의금옥목걸이,장비,목걸이,공통,2,25,목걸이,대지,,공격속성 설정,상점/보상,가능,가능,SRC_GEAR_GUIDE,SOURCE,,,,,,,,,,
IT_BELT_EARTH_GOLD,대지의금벨트,장비,벨트,공통,2,36,벨트,,대지,방어속성 설정,상점/보상,가능,가능,SRC_GEAR_GUIDE,SOURCE,,,,,,,,,,
IT_NECK_EARTH_BERYL,대지의벽옥목걸이,장비,목걸이,공통,3,42,목걸이,대지,,공격속성 설정,상점/보상,가능,가능,SRC_GEAR_GUIDE,SOURCE,,,,,,,,,,
IT_NECK_EARTH_CRYSTAL,대지의크리스탈목걸이,장비,목걸이,공통,3,53,목걸이,대지,,공격속성 설정,상점/보상,가능,가능,SRC_GEAR_GUIDE,SOURCE,,,,,,,,,,
IT_NECK_EARTH_MAGIA,대지의마기아목걸이,장비,목걸이,공통,4,72,목걸이,대지,,공격속성 설정,상점/보상,가능,가능,SRC_GEAR_GUIDE,SOURCE,,,,,,,,,,
IT_NECK_EARTH_CANNA,대지의칸나목걸이,장비,목걸이,공통,4,85,목걸이,대지,,공격속성 설정,상점/보상,가능,가능,SRC_GEAR_GUIDE,SOURCE,,,,,,,,,,
IT_NECK_WIND_PEARL,바람의진주목걸이,장비,목걸이,공통,2,11,목걸이,바람,,공격속성 설정,상점/보상,가능,가능,SRC_GEAR_GUIDE,SOURCE,,,,,,,,,,
IT_BELT_WIND_LEATHER,바람의가죽벨트,장비,벨트,공통,2,11,벨트,,바람,방어속성 설정,상점/보상,가능,가능,SRC_GEAR_GUIDE,SOURCE,,,,,,,,,,
IT_NECK_WIND_AMETHYST,바람의자수정목걸이,장비,목걸이,공통,2,20,목걸이,바람,,공격속성 설정,상점/보상,가능,가능,SRC_GEAR_GUIDE,SOURCE,,,,,,,,,,
IT_BELT_WIND_SILVER,바람의은벨트,장비,벨트,공통,2,17,벨트,,바람,방어속성 설정,상점/보상,가능,가능,SRC_GEAR_GUIDE,SOURCE,,,,,,,,,,
IT_NECK_WIND_GOLDJADE,바람의금옥목걸이,장비,목걸이,공통,2,25,목걸이,바람,,공격속성 설정,상점/보상,가능,가능,SRC_GEAR_GUIDE,SOURCE,,,,,,,,,,
IT_BELT_WIND_GOLD,바람의금벨트,장비,벨트,공통,2,36,벨트,,바람,방어속성 설정,상점/보상,가능,가능,SRC_GEAR_GUIDE,SOURCE,,,,,,,,,,
IT_NECK_WIND_BERYL,바람의벽옥목걸이,장비,목걸이,공통,3,42,목걸이,바람,,공격속성 설정,상점/보상,가능,가능,SRC_GEAR_GUIDE,SOURCE,,,,,,,,,,
IT_NECK_WIND_CRYSTAL,바람의크리스탈목걸이,장비,목걸이,공통,3,53,목걸이,바람,,공격속성 설정,상점/보상,가능,가능,SRC_GEAR_GUIDE,SOURCE,,,,,,,,,,
IT_NECK_WIND_MAGIA,바람의마기아목걸이,장비,목걸이,공통,4,72,목걸이,바람,,공격속성 설정,상점/보상,가능,가능,SRC_GEAR_GUIDE,SOURCE,,,,,,,,,,
IT_NECK_WIND_CANNA,바람의칸나목걸이,장비,목걸이,공통,4,85,목걸이,바람,,공격속성 설정,상점/보상,가능,가능,SRC_GEAR_GUIDE,SOURCE,,,,,,,,,,
IT_NECK_FIRE_PEARL,화염의진주목걸이,장비,목걸이,공통,2,11,목걸이,화염,,공격속성 설정,상점/보상,가능,가능,SRC_GEAR_GUIDE,SOURCE,,,,,,,,,,
IT_BELT_FIRE_LEATHER,화염의가죽벨트,장비,벨트,공통,2,11,벨트,,화염,방어속성 설정,상점/보상,가능,가능,SRC_GEAR_GUIDE,SOURCE,,,,,,,,,,
IT_NECK_FIRE_AMETHYST,화염의자수정목걸이,장비,목걸이,공통,2,20,목걸이,화염,,공격속성 설정,상점/보상,가능,가능,SRC_GEAR_GUIDE,SOURCE,,,,,,,,,,
IT_BELT_FIRE_SILVER,화염의은벨트,장비,벨트,공통,2,17,벨트,,화염,방어속성 설정,상점/보상,가능,가능,SRC_GEAR_GUIDE,SOURCE,,,,,,,,,,
IT_NECK_FIRE_GOLDJADE,화염의금옥목걸이,장비,목걸이,공통,2,25,목걸이,화염,,공격속성 설정,상점/보상,가능,가능,SRC_GEAR_GUIDE,SOURCE,,,,,,,,,,
IT_BELT_FIRE_GOLD,화염의금벨트,장비,벨트,공통,2,36,벨트,,화염,방어속성 설정,상점/보상,가능,가능,SRC_GEAR_GUIDE,SOURCE,,,,,,,,,,
IT_NECK_FIRE_BERYL,화염의벽옥목걸이,장비,목걸이,공통,3,42,목걸이,화염,,공격속성 설정,상점/보상,가능,가능,SRC_GEAR_GUIDE,SOURCE,,,,,,,,,,
IT_NECK_FIRE_CRYSTAL,화염의크리스탈목걸이,장비,목걸이,공통,3,53,목걸이,화염,,공격속성 설정,상점/보상,가능,가능,SRC_GEAR_GUIDE,SOURCE,,,,,,,,,,
IT_NECK_FIRE_MAGIA,화염의마기아목걸이,장비,목걸이,공통,4,72,목걸이,화염,,공격속성 설정,상점/보상,가능,가능,SRC_GEAR_GUIDE,SOURCE,,,,,,,,,,
IT_NECK_FIRE_CANNA,화염의칸나목걸이,장비,목걸이,공통,4,85,목걸이,화염,,공격속성 설정,상점/보상,가능,가능,SRC_GEAR_GUIDE,SOURCE,,,,,,,,,,
IT_NECK_LIFE,생명의목걸이,장비,목걸이,공통,5/승급,99,목걸이,생명,,특수 공격속성,루그 가공,가능,가능,SRC_ELEMENT_CRAFT,SOURCE,,,,,,,,,,
IT_NECK_DARK,암흑의목걸이,장비,목걸이,공통,5/승급,99,목걸이,암흑,,특수 공격속성,루그 가공,가능,가능,SRC_ELEMENT_CRAFT,SOURCE,,,,,,,,,,
IT_BELT_LIFE,생명의벨트,장비,벨트,공통,5/승급,99,벨트,,생명,특수 방어속성,루그 가공,가능,가능,SRC_ELEMENT_CRAFT,SOURCE,,,,,,,,,,
IT_BELT_DARK,암흑의벨트,장비,벨트,공통,5/승급,99,벨트,,암흑,특수 방어속성,루그 가공,가능,가능,SRC_ELEMENT_CRAFT,SOURCE,,,,,,,,,,
IT_WAR_ARM_1M,레더튜닉,장비,갑옷,전사,1,2,갑옷,,,1써클 남성 계열,직업/보상,가능,가능,SRC_WARRIOR_REWARD,SOURCE,,,,,,,,,,
IT_WAR_ARM_1F,튜닉,장비,갑옷,전사,1,2,갑옷,,,1써클 여성 계열,직업/보상,가능,가능,SRC_WARRIOR_REWARD,SOURCE,,,,,,,,,,
IT_WAR_ARM_2A,지폰,장비,갑옷,전사,2,11,갑옷,,,2써클 갑옷 계열,상점/보상,가능,가능,SRC_WARRIOR_REWARD,SOURCE,,,,,,,,,,
IT_WAR_ARM_2B,레데메일,장비,갑옷,전사,2,11,갑옷,,,2써클 갑옷 계열,상점/보상,가능,가능,SRC_WARRIOR_REWARD,SOURCE,,,,,,,,,,
IT_WAR_ARM_2C,하프플레이트,장비,갑옷,전사,2,26,갑옷,,,2써클 상위 갑옷,상점/보상,가능,가능,SRC_WARRIOR_REWARD,SOURCE,,,,,,,,,,
IT_WAR_ARM_2D,미스티플레이트,장비,갑옷,전사,2,26,갑옷,,,2써클 상위 갑옷,상점/보상,가능,가능,SRC_WARRIOR_REWARD,SOURCE,,,,,,,,,,
IT_WAR_ARM_3A,카스뮴아머,장비,갑옷,전사,3,41,갑옷,,,3써클 갑옷,상점/보상,가능,가능,SRC_WARRIOR_REWARD,SOURCE,,,,,,,,,,
IT_WAR_ARM_3B,카스뮴플레이트,장비,갑옷,전사,3,41,갑옷,,,3써클 갑옷,상점/보상,가능,가능,SRC_WARRIOR_REWARD,SOURCE,,,,,,,,,,
IT_WAR_ARM_3C,체인메일,장비,갑옷,전사,3,56,갑옷,,,3써클 상위 갑옷,상점/보상,가능,가능,SRC_WARRIOR_REWARD,SOURCE,,,,,,,,,,
IT_WAR_ARM_3D,아마존아머,장비,갑옷,전사,3,56,갑옷,,,3써클 상위 갑옷,상점/보상,가능,가능,SRC_WARRIOR_REWARD,SOURCE,,,,,,,,,,
IT_WAR_ARM_4A,이프리트메일,장비,갑옷,전사,4,71,갑옷,,,4써클 갑옷,상점/보상,가능,가능,SRC_WARRIOR_REWARD,SOURCE,,,,,,,,,,
IT_WAR_ARM_4B,라비린스메일,장비,갑옷,전사,4,71,갑옷,,,4써클 갑옷,상점/보상,가능,가능,SRC_WARRIOR_REWARD,SOURCE,,,,,,,,,,
IT_WAR_HELM_4A,이프리트투구,장비,투구,전사,4,71,투구,,,4써클 전사 투구,상점/보상,가능,가능,SRC_WARRIOR_REWARD,SOURCE,,,,,,,,,,
IT_WAR_HELM_4B,라비린스투구,장비,투구,전사,4,71,투구,,,4써클 전사 투구,상점/보상,가능,가능,SRC_WARRIOR_REWARD,SOURCE,,,,,,,,,,
IT_WAR_ARM_4C,풀플레이트,장비,갑옷,전사,4,86,갑옷,,,4써클 상위 갑옷,상점/보상,가능,가능,SRC_WARRIOR_REWARD,SOURCE,,,,,,,,,,
IT_WAR_ARM_4D,피닉스메일,장비,갑옷,전사,4,86,갑옷,,,4써클 상위 갑옷,상점/보상,가능,가능,SRC_WARRIOR_REWARD,SOURCE,,,,,,,,,,
IT_WAR_HELM_4C,풀플레이트투구,장비,투구,전사,4,86,투구,,,4써클 상위 투구,상점/보상,가능,가능,SRC_WARRIOR_REWARD,SOURCE,,,,,,,,,,
IT_WAR_HELM_4D,피닉스투구,장비,투구,전사,4,86,투구,,,4써클 상위 투구,상점/보상,가능,가능,SRC_WARRIOR_REWARD,SOURCE,,,,,,,,,,
IT_WAR_WPN_TOMAHAWK,토마호크,장비,무기,전사,2,11,무기,,,2써클 무기,상점/보상,가능,가능,SRC_WARRIOR_REWARD,SOURCE,,,,,,,,,,
IT_WAR_WPN_AXE,액스,장비,무기,전사,3,44,무기,,,3써클 무기,상점/보상,가능,가능,SRC_WARRIOR_REWARD,SOURCE,,,,,,,,,,
IT_WAR_WPN_WOODCLUB,우든클럽,장비,무기,전사,3,57,무기,,,3써클 무기,드롭/거래,가능,가능,SRC_WARRIOR_REWARD,SOURCE,,,,,,,,,,
IT_WAR_WPN_SPIKECLUB,스파이크클럽,장비,무기,전사,4,73,무기,,,4써클 무기,상점/보상,가능,가능,SRC_WARRIOR_REWARD,SOURCE,,,,,,,,,,
IT_WAR_WPN_BATTLEAXE,배틀액스,장비,무기,전사,4,76,무기,,,4써클 무기,상점/보상,가능,가능,SRC_WARRIOR_REWARD,SOURCE,,,,,,,,,,
IT_WAR_WPN_GIANTCLUB,자이언트클럽,장비,무기,전사,4,88,무기,,,4써클 상위 무기,상점/보상,가능,가능,SRC_WARRIOR_REWARD,SOURCE,,,,,,,,,,
IT_WAR_WPN_TAGONITE,타고나이트액스,장비,무기,전사,2,11,무기,,,구 가이드에서 2써클 고데미지 무기,드롭/거래,가능,가능,SRC_WARRIOR_OLD,SOURCE,,,,,,,,,,
IT_ROG_ARM_1A,스카웃튜닉,장비,갑옷,도적,1,2,갑옷,,,1써클 의상,직업/보상,가능,가능,SRC_ROGUE_REWARD,SOURCE,,,,,,,,,,
IT_ROG_ARM_1B,꼬뜨,장비,갑옷,도적,1,2,갑옷,,,1써클 의상,직업/보상,가능,가능,SRC_ROGUE_REWARD,SOURCE,,,,,,,,,,
IT_ROG_ARM_2A,노미쉬레더,장비,갑옷,도적,2,11,갑옷,,,2써클 의상,상점/보상,가능,가능,SRC_ROGUE_REWARD,SOURCE,,,,,,,,,,
IT_ROG_ARM_2B,브리간딘,장비,갑옷,도적,2,11,갑옷,,,2써클 의상,상점/보상,가능,가능,SRC_ROGUE_REWARD,SOURCE,,,,,,,,,,
IT_ROG_ARM_3A,팔루텐,장비,갑옷,도적,3,41,갑옷,,,3써클 의상,상점/보상,가능,가능,SRC_ROGUE_REWARD,SOURCE,,,,,,,,,,
IT_ROG_ARM_3B,코르스,장비,갑옷,도적,3,41,갑옷,,,3써클 의상,상점/보상,가능,가능,SRC_ROGUE_REWARD,SOURCE,,,,,,,,,,
IT_ROG_ARM_4A,키톤,장비,갑옷,도적,4,71,갑옷,,,4써클 의상,상점/보상,가능,가능,SRC_ROGUE_REWARD,SOURCE,,,,,,,,,,
IT_ROG_ARM_4B,페플로스,장비,갑옷,도적,4,71,갑옷,,,4써클 의상,상점/보상,가능,가능,SRC_ROGUE_REWARD,SOURCE,,,,,,,,,,
IT_ROG_WPN_1,비설표,장비,무기,도적,1,2,무기,,,1써클 표창/도적무기,직업/보상,가능,가능,SRC_ROGUE_REWARD,SOURCE,,,,,,,,,,
IT_ROG_WPN_2,비중표,장비,무기,도적,2,11,무기,,,2써클 무기,보상/상점,가능,가능,SRC_ROGUE_REWARD,SOURCE,,,,,,,,,,
IT_ROG_WPN_WHIP,채찍,장비,무기,도적,2,26,무기,,,2써클 상위 무기,보상/상점,가능,가능,SRC_ROGUE_REWARD,SOURCE,,,,,,,,,,
IT_ROG_WPN_MOON,월단검,장비,무기,도적,3,41,무기,,,3써클 단검,보상/상점,가능,가능,SRC_ROGUE_REWARD,SOURCE,,,,,,,,,,
IT_ROG_WPN_LIGHT,광단검,장비,무기,도적,3,56,무기,,,3써클 상위 단검,보상/상점,가능,가능,SRC_ROGUE_REWARD,SOURCE,,,,,,,,,,
IT_ROG_WPN_SINGLE,일단검,장비,무기,도적,4,71,무기,,,4써클 단검,보상/상점,가능,가능,SRC_ROGUE_REWARD,SOURCE,,,,,,,,,,
IT_WIZ_ARM_1A,후드로브,장비,갑옷,마법사,1,2,갑옷,,,1써클 의상,직업/보상,가능,가능,SRC_WIZARD_REWARD,SOURCE,,,,,,,,,,
IT_WIZ_ARM_1B,매직스커트,장비,갑옷,마법사,1,2,갑옷,,,1써클 의상,직업/보상,가능,가능,SRC_WIZARD_REWARD,SOURCE,,,,,,,,,,
IT_WIZ_ARM_2A,달마티카,장비,갑옷,마법사,2,11,갑옷,,,2써클 의상,상점/보상,가능,가능,SRC_WIZARD_REWARD,SOURCE,,,,,,,,,,
IT_WIZ_ARM_2B,베누스타,장비,갑옷,마법사,2,11,갑옷,,,2써클 의상,상점/보상,가능,가능,SRC_WIZARD_REWARD,SOURCE,,,,,,,,,,
IT_WIZ_ARM_3A,로럼,장비,갑옷,마법사,3,41,갑옷,,,3써클 의상,상점/보상,가능,가능,SRC_WIZARD_REWARD,SOURCE,,,,,,,,,,
IT_WIZ_ARM_3B,스톨라,장비,갑옷,마법사,3,41,갑옷,,,3써클 의상,상점/보상,가능,가능,SRC_WIZARD_REWARD,SOURCE,,,,,,,,,,
IT_WIZ_ARM_4A,가이아로럼,장비,갑옷,마법사,4,71,갑옷,,,4써클 의상,상점/보상,가능,가능,SRC_WIZARD_REWARD,SOURCE,,,,,,,,,,
IT_WIZ_ARM_4B,클리머스,장비,갑옷,마법사,4,71,갑옷,,,4써클 의상,상점/보상,가능,가능,SRC_WIZARD_REWARD,SOURCE,,,,,,,,,,
IT_WIZ_WPN_STAFF,매직스태프,장비,무기,마법사,2,11,무기,,,기본 마법사 스태프,상점/보상,가능,가능,SRC_WIZARD_REWARD,SOURCE,,,,,,,,,,
IT_WIZ_WPN_SATIA,매직새티아,장비,무기,마법사,2,15,무기,,,2써클 마법사 무기,보상,가능,가능,SRC_WIZARD_REWARD,SOURCE,,,,,,,,,,
IT_WIZ_WPN_LUNA,매직루나,장비,무기,마법사,2,25,무기,,,2써클 상위 마법사 무기,보상,가능,가능,SRC_WIZARD_REWARD,SOURCE,,,,,,,,,,
IT_WIZ_WPN_MARCIA,매직마르시아,장비,무기,마법사,3,41,무기,,,3써클 마법사 무기,보상,가능,가능,SRC_WIZARD_REWARD,SOURCE,,,,,,,,,,
IT_WIZ_WPN_SOLAR,매직솔라,장비,무기,마법사,4,83,무기,,,4써클 마법사 무기,보상,가능,가능,SRC_WIZARD_REWARD,SOURCE,,,,,,,,,,
IT_PRI_ARM_1A,셍즈,장비,갑옷,성직자,1,2,갑옷,,,1써클 의상,직업/보상,가능,가능,SRC_PRIEST_REWARD,SOURCE,,,,,,,,,,
IT_PRI_ARM_1B,로브,장비,갑옷,성직자,1,2,갑옷,,,1써클 의상,직업/보상,가능,가능,SRC_PRIEST_REWARD,SOURCE,,,,,,,,,,
IT_PRI_ARM_2A,레더로브,장비,갑옷,성직자,2,11,갑옷,,,2써클 의상,상점/보상,가능,가능,SRC_PRIEST_REWARD,SOURCE,,,,,,,,,,
IT_PRI_ARM_2B,미스틱로브,장비,갑옷,성직자,2,11,갑옷,,,2써클 의상,상점/보상,가능,가능,SRC_PRIEST_REWARD,SOURCE,,,,,,,,,,
IT_PRI_ARM_3A,맨틀,장비,갑옷,성직자,3,41,갑옷,,,3써클 의상,상점/보상,가능,가능,SRC_PRIEST_REWARD,SOURCE,,,,,,,,,,
IT_PRI_ARM_3B,엘레맨틀,장비,갑옷,성직자,3,41,갑옷,,,3써클 의상,상점/보상,가능,가능,SRC_PRIEST_REWARD,SOURCE,,,,,,,,,,
IT_PRI_ARM_4A,위저드로브,장비,갑옷,성직자,4,71,갑옷,,,4써클 의상,상점/보상,가능,가능,SRC_PRIEST_REWARD,SOURCE,,,,,,,,,,
IT_PRI_ARM_4B,홀리로브,장비,갑옷,성직자,4,71,갑옷,,,4써클 의상,상점/보상,가능,가능,SRC_PRIEST_REWARD,SOURCE,,,,,,,,,,
IT_PRI_WPN_WAND,홀리완드,장비,무기,성직자,1,2,무기,,,기본 성직자 무기,직업/보상,가능,가능,SRC_PRIEST_REWARD,SOURCE,,,,,,,,,,
IT_PRI_WPN_LUNA,홀리루나,장비,무기,성직자,2,11,무기,,,2써클 성직자 무기,보상/상점,가능,가능,SRC_PRIEST_REWARD,SOURCE,,,,,,,,,,
IT_MON_ARM_1A,도복,장비,갑옷,무도가,1,2,갑옷,,,1써클 의상,직업/보상,가능,가능,SRC_MONK_REWARD,SOURCE,,,,,,,,,,
IT_MON_ARM_1B,연무복,장비,갑옷,무도가,1,2,갑옷,,,1써클 의상,직업/보상,가능,가능,SRC_MONK_REWARD,SOURCE,,,,,,,,,,
IT_MON_ARM_2A,단도복,장비,갑옷,무도가,2,11,갑옷,,,2써클 의상,상점/보상,가능,가능,SRC_MONK_REWARD,SOURCE,,,,,,,,,,
IT_MON_ARM_2B,연무도복,장비,갑옷,무도가,2,11,갑옷,,,2써클 의상,상점/보상,가능,가능,SRC_MONK_REWARD,SOURCE,,,,,,,,,,
IT_MON_ARM_3A,천지도복,장비,갑옷,무도가,3,41,갑옷,,,3써클 의상,상점/보상,가능,가능,SRC_MONK_REWARD,SOURCE,,,,,,,,,,
IT_MON_ARM_3B,풍월도복,장비,갑옷,무도가,3,41,갑옷,,,3써클 의상,상점/보상,가능,가능,SRC_MONK_REWARD,SOURCE,,,,,,,,,,
IT_MON_ARM_4A,선풍도복,장비,갑옷,무도가,4,71,갑옷,,,4써클 의상,상점/보상,가능,가능,SRC_MONK_REWARD,SOURCE,,,,,,,,,,
IT_MON_ARM_4B,풍전도복,장비,갑옷,무도가,4,71,갑옷,,,4써클 의상,상점/보상,가능,가능,SRC_MONK_REWARD,SOURCE,,,,,,,,,,
IT_MON_BRACELET_LEATHER,가죽팔찌,장비,장갑,무도가,2,11,장갑,,,무도가 장갑 슬롯 대응 팔찌,보상/상점,가능,가능,SRC_MONK_REWARD,SOURCE,,,,,,,,,,
IT_MON_BRACELET_SILVER,은팔찌,장비,장갑,무도가,4,71,장갑,,,무도가 4써클 팔찌,보상/상점,가능,가능,SRC_MONK_REWARD,SOURCE,,,,,,,,,,
IT_ADV_WAR_ARM,마스터아머,장비,갑옷,전사,승급,99,갑옷,,,승급 지급 / 무게 15,승급 보상,가능,가능,SRC_ADVANCE,SOURCE,,,,,,,,,,
IT_ADV_WAR_WPN,아스카론,장비,무기,전사,승급,99,무기,,,승급 지급 / 무게 10,승급 보상,가능,가능,SRC_ADVANCE,SOURCE,,,,,,,,,,
IT_ADV_ROG_ARM_M,스카우트아머,장비,갑옷,도적,승급,99,갑옷,,,승급 지급 / 무게 12,승급 보상,가능,가능,SRC_ADVANCE,SOURCE,,,,,,,,,,
IT_ADV_ROG_ARM_F,레인저아머,장비,갑옷,도적,승급,99,갑옷,,,승급 지급 / 무게 12,승급 보상,가능,가능,SRC_ADVANCE,SOURCE,,,,,,,,,,
IT_ADV_ROG_WPN,아조스,장비,무기,도적,승급,99,무기,,,승급 지급 / 무게 10,승급 보상,가능,가능,SRC_ADVANCE,SOURCE,,,,,,,,,,
IT_ADV_WIZ_ARM_M,다크후드,장비,갑옷,마법사,승급,99,갑옷,,,승급 지급 / 무게 10,승급 보상,가능,가능,SRC_ADVANCE,SOURCE,,,,,,,,,,
IT_ADV_WIZ_ARM_F,다크로브,장비,갑옷,마법사,승급,99,갑옷,,,승급 지급 / 무게 10,승급 보상,가능,가능,SRC_ADVANCE,SOURCE,,,,,,,,,,
IT_ADV_WIZ_WPN,로오의은총,장비,무기,마법사,승급,99,무기,,,승급 지급 / 무게 5,승급 보상,가능,가능,SRC_ADVANCE,SOURCE,,,,,,,,,,
IT_ADV_PRI_ARM_M,세인트후드,장비,갑옷,성직자,승급,99,갑옷,,,승급 지급 / 무게 10,승급 보상,가능,가능,SRC_ADVANCE,SOURCE,,,,,,,,,,
IT_ADV_PRI_ARM_F,세인트로브,장비,갑옷,성직자,승급,99,갑옷,,,승급 지급 / 무게 10,승급 보상,가능,가능,SRC_ADVANCE,SOURCE,,,,,,,,,,
IT_ADV_PRI_WPN,이아의은총,장비,무기,성직자,승급,99,무기,,,승급 지급 / 무게 5,승급 보상,가능,가능,SRC_ADVANCE,SOURCE,,,,,,,,,,
IT_ADV_MON_ARM_M,무상도복,장비,갑옷,무도가,승급,99,갑옷,,,승급 지급 / 무게 13,승급 보상,가능,가능,SRC_ADVANCE,SOURCE,,,,,,,,,,
IT_ADV_MON_ARM_F,월영도복,장비,갑옷,무도가,승급,99,갑옷,,,승급 지급 / 무게 13,승급 보상,가능,가능,SRC_ADVANCE,SOURCE,,,,,,,,,,
IT_ADV_MON_WPN,하이브레이질배틀핸드,장비,무기,무도가,승급,99,무기,,,승급 지급 / 무게 10,승급 보상,가능,가능,SRC_ADVANCE,SOURCE,,,,,,,,,,
IT_CON_HP500,HP포션(500),소비,회복,공통,1,1,소비,,,HP 500 회복,상점/보상/드롭,가능,가능,SRC_WARRIOR_REWARD,SOURCE,,,,,,,,,,
IT_CON_HP1500,HP포션(1500),소비,회복,공통,2,11,소비,,,HP 1500 회복,상점/보상/드롭,가능,가능,SRC_WARRIOR_REWARD,SOURCE,,,,,,,,,,
IT_CON_HP2500,HP포션(2500),소비,회복,공통,3,41,소비,,,HP 2500 회복,상점/보상/드롭,가능,가능,SRC_WARRIOR_REWARD,SOURCE,,,,,,,,,,
IT_CON_HP4000,HP포션(4000),소비,회복,공통,4,71,소비,,,HP 4000 회복,상점/보상/드롭,가능,가능,SRC_WARRIOR_REWARD,SOURCE,,,,,,,,,,
IT_CON_MP500,MP포션(500),소비,회복,마법사/성직자/무도가,1,1,소비,,,MP 500 회복,상점/보상/드롭,가능,가능,SRC_WIZARD_REWARD,SOURCE,,,,,,,,,,
IT_CON_MP1500,MP포션(1500),소비,회복,마법사/성직자/무도가,2,11,소비,,,MP 1500 회복,상점/보상/드롭,가능,가능,SRC_WIZARD_REWARD,SOURCE,,,,,,,,,,
IT_CON_MP2500,MP포션(2500),소비,회복,마법사/성직자/무도가,3,41,소비,,,MP 2500 회복,상점/보상/드롭,가능,가능,SRC_WIZARD_REWARD,SOURCE,,,,,,,,,,
IT_CON_MP4000,MP포션(4000),소비,회복,마법사/성직자/무도가,4,71,소비,,,MP 4000 회복,상점/보상/드롭,가능,가능,SRC_WIZARD_REWARD,SOURCE,,,,,,,,,,
,,,,,,,,,,,,,,,,,,,,,,,,,
,,,,,,,,,,,,,,,,,,,,,,,,,
,,,,,,,,,,,,,,,,,,,,,,,,,
,,,,,,,,,,,,,,,,,,,,,,,,,
IT_CON_STATRESET,특성치초기화권,소비,성장,공통,3+,41,소비,,,STR/INT/WIS/CON/DEX 재분배용,보상/거래,가능,가능,SRC_WARRIOR_REWARD,SOURCE,,,,,,,,,,
IT_CON_BARD_SCROLL,바르도 스크롤,소비,스크롤,공통,3~4,41,소비,,,지하수로 전용 상태이상 스크롤,지하수로 NPC,가능,가능,SRC_SEWER,SOURCE,,,,,,,,,,
IT_CON_DEPRECO_SCROLL,데프레코 스크롤,소비,스크롤,공통,3~4,41,소비,,,지하수로 전용 스크롤,지하수로 NPC,가능,가능,SRC_SEWER,SOURCE,,,,,,,,,,
IT_CON_GREEN_POTION,초록물약,소비,특수물약,공통,3~4,41,소비,,,지하수로 전용 물약,지하수로 NPC,가능,가능,SRC_SEWER,SOURCE,,,,,,,,,,
IT_CON_YELLOW_POTION,노란물약,소비,특수물약,공통,3~4,41,소비,,,지하수로 전용 물약,지하수로 NPC,가능,가능,SRC_SEWER,SOURCE,,,,,,,,,,
IT_CON_DEATHRECALL,죽음의마을리콜,소비,이동,공통,승급,99,소비,,,죽음의마을 이동,이동석 5개 제작/유저거래,가능,가능,SRC_ADVANCE_OLD,SOURCE,,,,,,,,,,
IT_Q_SOUL_WATER_1,바다에잠긴셔스의혼(+1),퀘스트,성장재료,공통,1,9,퀘스트,,,성장/퀘스트 진행 핵심 재료,퀘스트/보상,제한,가능,SRC_WARRIOR_REWARD,SOURCE,,,,,,,,,,
IT_Q_SOUL_EARTH_1,대지에묻힌셔스의혼(+1),퀘스트,성장재료,공통,1,9,퀘스트,,,성장/퀘스트 진행 핵심 재료,퀘스트/보상,제한,가능,SRC_WARRIOR_REWARD,SOURCE,,,,,,,,,,
IT_Q_SOUL_WIND_1,바람에실린셔스의혼(+1),퀘스트,성장재료,공통,1,9,퀘스트,,,성장/퀘스트 진행 핵심 재료,퀘스트/보상,제한,가능,SRC_WARRIOR_REWARD,SOURCE,,,,,,,,,,
IT_Q_SOUL_FIRE_1,화염에녹인셔스의혼(+1),퀘스트,성장재료,공통,1,9,퀘스트,,,성장/퀘스트 진행 핵심 재료,퀘스트/보상,제한,가능,SRC_WARRIOR_REWARD,SOURCE,,,,,,,,,,
IT_Q_SOUL_WATER_2,바다에잠긴셔스의혼(+2),퀘스트,성장재료,공통,2,24,퀘스트,,,성장/퀘스트 진행 핵심 재료,퀘스트/보상,제한,가능,SRC_WARRIOR_REWARD,SOURCE,,,,,,,,,,
IT_Q_SOUL_EARTH_2,대지에묻힌셔스의혼(+2),퀘스트,성장재료,공통,2,24,퀘스트,,,성장/퀘스트 진행 핵심 재료,퀘스트/보상,제한,가능,SRC_WARRIOR_REWARD,SOURCE,,,,,,,,,,
IT_Q_SOUL_WIND_2,바람에실린셔스의혼(+2),퀘스트,성장재료,공통,2,24,퀘스트,,,성장/퀘스트 진행 핵심 재료,퀘스트/보상,제한,가능,SRC_WARRIOR_REWARD,SOURCE,,,,,,,,,,
IT_Q_SOUL_FIRE_2,화염에녹인셔스의혼(+2),퀘스트,성장재료,공통,2,24,퀘스트,,,성장/퀘스트 진행 핵심 재료,퀘스트/보상,제한,가능,SRC_WARRIOR_REWARD,SOURCE,,,,,,,,,,
IT_Q_SOUL_WATER_3,바다에잠긴셔스의혼(+3),퀘스트,성장재료,공통,3,45,퀘스트,,,성장/퀘스트 진행 핵심 재료,퀘스트/보상,제한,가능,SRC_WARRIOR_REWARD,SOURCE,,,,,,,,,,
IT_Q_SOUL_EARTH_3,대지에묻힌셔스의혼(+3),퀘스트,성장재료,공통,3,45,퀘스트,,,성장/퀘스트 진행 핵심 재료,퀘스트/보상,제한,가능,SRC_WARRIOR_REWARD,SOURCE,,,,,,,,,,
IT_Q_SOUL_WIND_3,바람에실린셔스의혼(+3),퀘스트,성장재료,공통,3,45,퀘스트,,,성장/퀘스트 진행 핵심 재료,퀘스트/보상,제한,가능,SRC_WARRIOR_REWARD,SOURCE,,,,,,,,,,
IT_Q_SOUL_FIRE_3,화염에녹인셔스의혼(+3),퀘스트,성장재료,공통,3,45,퀘스트,,,성장/퀘스트 진행 핵심 재료,퀘스트/보상,제한,가능,SRC_WARRIOR_REWARD,SOURCE,,,,,,,,,,
IT_Q_SOUL_WATER_4,바다에잠긴셔스의혼(+4),퀘스트,성장재료,공통,4,81,퀘스트,,,성장/퀘스트 진행 핵심 재료,퀘스트/보상,제한,가능,SRC_WARRIOR_REWARD,SOURCE,,,,,,,,,,
IT_Q_SOUL_EARTH_4,대지에묻힌셔스의혼(+4),퀘스트,성장재료,공통,4,81,퀘스트,,,성장/퀘스트 진행 핵심 재료,퀘스트/보상,제한,가능,SRC_WARRIOR_REWARD,SOURCE,,,,,,,,,,
IT_Q_SOUL_WIND_4,바람에실린셔스의혼(+4),퀘스트,성장재료,공통,4,81,퀘스트,,,성장/퀘스트 진행 핵심 재료,퀘스트/보상,제한,가능,SRC_WARRIOR_REWARD,SOURCE,,,,,,,,,,
IT_Q_SOUL_FIRE_4,화염에녹인셔스의혼(+4),퀘스트,성장재료,공통,4,81,퀘스트,,,성장/퀘스트 진행 핵심 재료,퀘스트/보상,제한,가능,SRC_WARRIOR_REWARD,SOURCE,,,,,,,,,,
IT_Q_MOVE_STONE,이동석,퀘스트,승급재료,공통,승급,99,퀘스트,,,죽음의마을리콜 제작,승급길 몬스터 드롭,제한,가능,SRC_ADVANCE_OLD,SOURCE,,,,,,,,,,
IT_Q_DOOR_KEY,문열쇠,퀘스트,승급재료,공통,승급,99,퀘스트,,,승급 던전 문 진행,승급길 몬스터 드롭,제한,가능,SRC_ADVANCE,SOURCE,,,,,,,,,,
IT_Q_BROKEN_JACKAL,부러진자칼의칼,퀘스트,승급재료,전사,승급,99,퀘스트,,,전사 승급 제물 제작재료,본드라곤 드롭,제한,가능,SRC_ADVANCE,SOURCE,,,,,,,,,,
IT_Q_BROKEN_BLADE,부러진칼조각,퀘스트,승급재료,전사,승급,99,퀘스트,,,전사 승급 제물 제작재료,본드라곤 드롭,제한,가능,SRC_ADVANCE,SOURCE,,,,,,,,,,
IT_Q_GOLD_MASTERKEY,황금만능열쇠,퀘스트,승급재료,도적,승급,99,퀘스트,,,도적 승급 제물 제작재료,본드라곤 드롭,제한,가능,SRC_ADVANCE,SOURCE,,,,,,,,,,
IT_Q_SMITH_HAMMER,대장장이의망치,퀘스트,승급재료,도적,승급,99,퀘스트,,,도적 승급 제물 제작재료,본드라곤 드롭,제한,가능,SRC_ADVANCE,SOURCE,,,,,,,,,,
IT_Q_MAGICBOOK,마법서,퀘스트,승급재료,마법사,승급,99,퀘스트,,,마법사 승급 제물 제작재료,본드라곤 드롭,제한,가능,SRC_ADVANCE,SOURCE,,,,,,,,,,
IT_Q_ROO_INK,로오의잉크병,퀘스트,승급재료,마법사,승급,99,퀘스트,,,마법사 승급 제물 제작재료,본드라곤 드롭,제한,가능,SRC_ADVANCE,SOURCE,,,,,,,,,,
IT_Q_SPELLBOOK,주술서,퀘스트,승급재료,성직자,승급,99,퀘스트,,,성직자 승급 제물 제작재료,본드라곤 드롭,제한,가능,SRC_ADVANCE,SOURCE,,,,,,,,,,
IT_Q_IA_INK,이아의잉크병,퀘스트,승급재료,성직자,승급,99,퀘스트,,,성직자 승급 제물 제작재료,본드라곤 드롭,제한,가능,SRC_ADVANCE,SOURCE,,,,,,,,,,
IT_Q_GOLDSAND,황금모래,퀘스트,승급재료,무도가,승급,99,퀘스트,,,무도가 승급 제물 제작재료,본드라곤 드롭,제한,가능,SRC_ADVANCE,SOURCE,,,,,,,,,,
IT_Q_IRONJAR,쇠단지,퀘스트,승급재료,무도가,승급,99,퀘스트,,,무도가 승급 제물 제작재료,본드라곤 드롭,제한,가능,SRC_ADVANCE,SOURCE,,,,,,,,,,
IT_Q_JACKAL_SWORD,자칼의칼,퀘스트,승급제물,전사,승급,99,퀘스트,,,전사 승급 최종 제물,NPC 합성,제한,불가,SRC_ADVANCE,SOURCE,,,,,,,,,,
IT_Q_FLUTE,플룻,퀘스트,승급제물,도적,승급,99,퀘스트,,,도적 승급 최종 제물,NPC 합성,제한,불가,SRC_ADVANCE,SOURCE,,,,,,,,,,
IT_Q_PATH_WIZARD,마법사의길,퀘스트,승급제물,마법사,승급,99,퀘스트,,,마법사 승급 최종 제물,NPC 합성,제한,불가,SRC_ADVANCE,SOURCE,,,,,,,,,,
IT_Q_PATH_PRIEST,성직자의길,퀘스트,승급제물,성직자,승급,99,퀘스트,,,성직자 승급 최종 제물,NPC 합성,제한,불가,SRC_ADVANCE,SOURCE,,,,,,,,,,
IT_Q_HOURGLASS,모래시계,퀘스트,승급제물,무도가,승급,99,퀘스트,,,무도가 승급 최종 제물,NPC 합성,제한,불가,SRC_ADVANCE,SOURCE,,,,,,,,,,
IT_MAT_BLUE_OPION_WHISKER,블루오피온의수염,재료,제작,공통,5/승급,99,재료,,,생명의목걸이 재료,오피온굴,가능,가능,SRC_ELEMENT_CRAFT,SOURCE,,,,,,,,,,
IT_MAT_HOLY_PANFLUTE,홀리팬플룻,재료,제작,공통,5/승급,99,재료,,,생명의목걸이 재료,오피온굴,가능,가능,SRC_ELEMENT_CRAFT,SOURCE,,,,,,,,,,
IT_MAT_LIFE_REAGENT,생명의시약,재료,제작,공통,5/승급,99,재료,,,생명의벨트 재료,오피온굴,가능,가능,SRC_ELEMENT_CRAFT,SOURCE,,,,,,,,,,
IT_MAT_DRAGON_NEWT_HORN,드래곤뉴트의뿔,재료,제작,공통,5/승급,99,재료,,,생명/암흑 벨트 재료,오피온굴,가능,가능,SRC_ELEMENT_CRAFT,SOURCE,,,,,,,,,,
IT_MAT_RED_OPION_WHISKER,레드오피온의수염,재료,제작,공통,5/승급,99,재료,,,암흑의목걸이 재료,오피온굴,가능,가능,SRC_ELEMENT_CRAFT,SOURCE,,,,,,,,,,
IT_MAT_YEOUIJU,여의주,재료,제작,공통,5/승급,99,재료,,,암흑의목걸이 재료,오피온굴,가능,가능,SRC_ELEMENT_CRAFT,SOURCE,,,,,,,,,,
IT_MAT_DARK_REAGENT,암흑의시약,재료,제작,공통,5/승급,99,재료,,,암흑의벨트 재료,오피온굴,가능,가능,SRC_ELEMENT_CRAFT,SOURCE,,,,,,,,,,
