Metric,Value,Unit,Formula/Logic,Evidence,설명,,,,
Horror average EXP,175000,EXP/kill,(150k+200k)/2,U+B,호러 평균 몬스터 보상,,,,
Target kills/hour,86,kills/hour,design target,B,랜덤방 이동/전투/루팅 포함,,,,
Target EXP/hour,=B2*B3,EXP/hour,avgEXP×kills/hour,B,,,,,
Target hours to promotion,35,hours,user target >30h,U+B,,,,,
Gross EXP earned,=B4*B5,EXP,EXP/hour×hours,B,,,,,
Held EXP at promotion,250000000,EXP,promotion requirement,V,,,,,
Available EXP spent on HP/MP,=B6-B7,EXP,gross-held,B,체력/마력 구매에 소모되는 총예산,,,,
Equivalent horror kills,=B6/B2,kills,gross/avgEXP,B,,,,,
Avg seconds/kill,=3600/B3,sec,3600/kills_per_hour,B,,,,,
