Metric,Value,Unit,Formula/Logic,Evidence,설명,,,,
Death Village average EXP,300000,EXP/kill,initial balance anchor,B,집털/지하 평균,,,,
Target kills/hour,80,kills/hour,design target,B,파티 몰이/정리 포함,,,,
Target EXP/hour,=B2*B3,EXP/hour,avgEXP×kills/hour,B,,,,,
Target hours to main STAT MAX,120,hours,user target >100h,U+B,,,,,
Total EXP budget to STAT MAX,=B4*B5,EXP,EXP/hour×hours,B,직업별 stat cap 확정 후 세부 분배,,,,
Equivalent kills,=B6/B2,kills,budget/avgEXP,B,,,,,
Avg seconds/kill,=3600/B3,sec,3600/kills/hour,B,,,,,
Design lower bound,100,hours,hard minimum target,U,100h 아래로 내려가지 않도록 조정,,,,
After STAT MAX,HP/MP endless growth,state,EXP→체마,U+DESIGN,필살기 자원/화력 성장 계속,,,,
