Job,Min_HP,Min_MP,Held_EXP,Required_Skill_1,Required_Skill_2,After_Promotion_Growth,Evidence,,
전사,17000,5000,250000000,완전방어 MAX,크래셔 MAX,STAT 구매 → 직업 상한 이후 HP/MP 성장,V,,
도적,13000,7000,250000000,암살격 MAX,함정해체 MAX,STAT 구매 → 직업 상한 이후 HP/MP 성장,V,,
마법사,12000,13000,250000000,라그나로크 MAX,데스 MAX,INT/WIS 계열 STAT → MP 성장 비중 높음,V,,
성직자,13000,14000,250000000,코마디아 MAX,리베라토 MAX,INT/WIS 계열 STAT → HP/MP 성장,V,,
무도가,16000,7000,250000000,다라밀공 MAX,구양신공 MAX,STAT → HP+MP 동시 성장 가치 높음,V,,
,,,,,,,,,
,,,,,,,,,
,,,,,,,,,
,,,,,,,,,
