Skill_ID,스킬명,직업,단계,종류,소모자원,소모량,요구Lv,요구스탯,선행/재료/Gold,Source_URL,Evidence,상태,비고,서클,행동분류,대상,사거리/범위,속성,핵심효과,발동조건/제한,숙련도/실패,선행스킬,Runtime_Data_Status,Effect_Evidence,Detail_Source_URL,검증메모,Runtime_Inclusion
SK_전사_001,숏블레이드,전사,일반,기술,기본 MP 소모 없음,,,,,https://lod.nexon.com/community/game/1429?SearchBoard=1,V,CONFIRMED_NAME,,1,Attack,적,전방 1칸,,초기 전사 공격기,직업 습득/지급 계열,사용 숙련도 적용,,EFFECT_VERIFIED,FAN-VERIFIED,https://www.namu.moe/w/%EC%96%B4%EB%91%A0%EC%9D%98%20%EC%A0%84%EC%84%A4/%EA%B8%B0%EC%88%A0%EB%A7%88%EB%B2%95,,INCLUDE
SK_전사_002,더블어택,전사,일반,기술,기본 MP 소모 없음,,,,,https://lod.nexon.com/community/game/1429?SearchBoard=1,V,CONFIRMED_NAME,,2,Passive/Attack,적,기본공격 연동,,기본공격과 동시 발동하여 2회 타격 구조,일반 기본공격 입력에 연동,사용 숙련도 적용,,EFFECT_VERIFIED,FAN-VERIFIED,https://www.namu.moe/w/%EC%96%B4%EB%91%A0%EC%9D%98%20%EC%A0%84%EC%84%A4/%EA%B8%B0%EC%88%A0%EB%A7%88%EB%B2%95,,INCLUDE
SK_전사_003,윈드블레이드,전사,일반,기술,기본 MP 소모 없음,,,,,https://lod.nexon.com/community/game/1429?SearchBoard=1,V,CONFIRMED_NAME,,2,Attack,적,전방 3칸,,전방 직선 공격,대상/방향 유효,사용 숙련도 적용,,EFFECT_VERIFIED,FAN-VERIFIED,https://www.namu.moe/w/%EC%96%B4%EB%91%A0%EC%9D%98%20%EC%A0%84%EC%84%A4/%EA%B8%B0%EC%88%A0%EB%A7%88%EB%B2%95,,INCLUDE
SK_전사_004,디바투,전사,일반,기술,기본 MP 소모 없음,,,,,https://lod.nexon.com/community/game/1429?SearchBoard=1,V,CONFIRMED_NAME,,2,Dispel,자신,자신,,이동불가(바투) 해제,바투 상태,사용 숙련도 적용,,EFFECT_VERIFIED,FAN-VERIFIED,https://www.namu.moe/w/%EC%96%B4%EB%91%A0%EC%9D%98%20%EC%A0%84%EC%84%A4/%EA%B8%B0%EC%88%A0%EB%A7%88%EB%B2%95,,INCLUDE
SK_전사_005,트리플어택,전사,일반,기술,기본 MP 소모 없음,,,,,https://lod.nexon.com/community/game/1429?SearchBoard=1,V,CONFIRMED_NAME,,3,Passive/Attack,적,기본공격 연동,,기본공격 3타 구조,일반 기본공격 입력에 연동,사용 숙련도 적용,,EFFECT_VERIFIED,FAN-VERIFIED,https://www.namu.moe/w/%EC%96%B4%EB%91%A0%EC%9D%98%20%EC%A0%84%EC%84%A4/%EA%B8%B0%EC%88%A0%EB%A7%88%EB%B2%95,,INCLUDE
SK_전사_006,메가블레이드,전사,일반,기술,기본 MP 소모 없음,,,,,https://lod.nexon.com/community/game/1429?SearchBoard=1,V,CONFIRMED_NAME,,3,Attack,적,사방 1칸,,전후좌우 1칸 공격,유효 대상 존재,사용 숙련도 적용,,EFFECT_VERIFIED,FAN-VERIFIED,https://www.namu.moe/w/%EC%96%B4%EB%91%A0%EC%9D%98%20%EC%A0%84%EC%84%A4/%EA%B8%B0%EC%88%A0%EB%A7%88%EB%B2%95,,INCLUDE
SK_전사_007,바투,전사,일반,기술,기본 MP 소모 없음,,,,,https://lod.nexon.com/community/game/1429?SearchBoard=1,V,CONFIRMED_NAME,,3,CrowdControl,적,단일,,이동 불가. 기술/마법/아이템 사용은 가능,대상 면역 여부 확인,사용 숙련도 적용,,EFFECT_VERIFIED,FAN-VERIFIED,https://www.namu.moe/w/%EC%96%B4%EB%91%A0%EC%9D%98%20%EC%A0%84%EC%84%A4/%EA%B8%B0%EC%88%A0%EB%A7%88%EB%B2%95,,INCLUDE
SK_전사_008,투핸드어택,전사,일반,기술,기본 MP 소모 없음,,,,,https://lod.nexon.com/community/game/1429?SearchBoard=1,V,CONFIRMED_NAME,,4,Passive/Equipment,자신,자신,,양손무기 장착 허용,해당 기술 보유,패시브,,EFFECT_VERIFIED,FAN-VERIFIED,https://www.namu.moe/w/%EC%96%B4%EB%91%A0%EC%9D%98%20%EC%A0%84%EC%84%A4/%EA%B8%B0%EC%88%A0%EB%A7%88%EB%B2%95,,INCLUDE
SK_전사_009,드래곤모드,전사,일반,기술,기본 MP 소모 없음,,,,,https://lod.nexon.com/community/game/1429?SearchBoard=1,V,CONFIRMED_NAME,,4,Buff/Drain,자신,자신,,"DAM+4, HIT+10; 지속 중 체력 감소",활성 유지,사용 숙련도 적용,,EFFECT_VERIFIED,FAN-VERIFIED,https://www.namu.moe/w/%EC%96%B4%EB%91%A0%EC%9D%98%20%EC%A0%84%EC%84%A4/%EA%B8%B0%EC%88%A0%EB%A7%88%EB%B2%95,,INCLUDE
SK_전사_010,피닉스모드,전사,일반,기술,기본 MP 소모 없음,,,,,https://lod.nexon.com/community/game/1429?SearchBoard=1,V,CONFIRMED_NAME,,4,Buff/Drain,자신,자신,,"드래곤모드의 상위 모드. 습득 시 드래곤모드는 삭제/대체된다. DAM/HIT 상승량은 드래곤모드의 2배이며, 지속 중 HP 감소는 드래곤모드와 동일한 방식.",피닉스모드 습득 시 드래곤모드 제거/대체. 지속 중 HP 감소.,숙련도 적용,드래곤모드,USER_CONFIRMED,U+V,https://lod.nexon.com/community/game/3089?SearchBoard=1,사용자 플레이 기억으로 대체/2배 강화/동일 HP감소를 보강. 정확 절대 DAM/HIT 수치는 별도 원본값 확인 필요.,INCLUDE
SK_전사_011,적무기쳐내기,전사,일반,기술,기본 MP 소모 없음,,,,,https://lod.nexon.com/community/game/1429?SearchBoard=1,V,CONFIRMED_NAME,,4,Disarm/PvP,적 플레이어,단일,,상대 무기 장착 해제,콜로세움/허용 PvP 환경,사용 숙련도 적용,,EFFECT_VERIFIED,FAN-VERIFIED,https://www.namu.moe/w/%EC%96%B4%EB%91%A0%EC%9D%98%20%EC%A0%84%EC%84%A4/%EA%B8%B0%EC%88%A0%EB%A7%88%EB%B2%95,,INCLUDE
SK_전사_012,레스큐,전사,일반,기술,기본 MP 소모 없음,,,,,https://lod.nexon.com/community/game/1429?SearchBoard=1,V,CONFIRMED_NAME,,1,Utility/Aggro,적,단일,,몬스터의 공격 대상을 자신으로 유도,몬스터 대상,사용 숙련도 적용,,EFFECT_VERIFIED,FAN-VERIFIED,https://www.namu.moe/w/%EC%96%B4%EB%91%A0%EC%9D%98%20%EC%A0%84%EC%84%A4/%EA%B8%B0%EC%88%A0%EB%A7%88%EB%B2%95,,INCLUDE
SK_전사_013,매드소울,전사,일반,기술,기본 MP 소모 없음,,,,,https://lod.nexon.com/community/game/1429?SearchBoard=1,V,CONFIRMED_NAME,,5,HP-Cost Burst,적,단일,,현재 체력 희생량에 비례하는 강공격,체력 소비 가능 상태,사용 숙련도 적용,,EFFECT_VERIFIED,FAN-VERIFIED,https://www.namu.moe/w/%EC%96%B4%EB%91%A0%EC%9D%98%20%EC%A0%84%EC%84%A4/%EA%B8%B0%EC%88%A0%EB%A7%88%EB%B2%95,,INCLUDE
SK_전사_014,완전방어,전사,일반,기술,기본 MP 소모 없음,,,,,https://lod.nexon.com/community/game/1429?SearchBoard=1,V,CONFIRMED_NAME,,5,Defense,자신,자신,,물리/기술 공격 방어; 마법 공격은 방어하지 않음,숙련 실패 가능; 1차 승급 자격 판정에 포함,승급 조건: 숙련도 MAX,,EFFECT_VERIFIED,FAN-VERIFIED,https://www.namu.moe/w/%EC%96%B4%EB%91%A0%EC%9D%98%20%EC%A0%84%EC%84%A4/%EA%B8%B0%EC%88%A0%EB%A7%88%EB%B2%95,승급 필수 스킬로 공식/공식호스팅 자료 재검증,INCLUDE
SK_전사_015,크래셔,전사,일반,기술,기본 MP 소모 없음,,,,,https://lod.nexon.com/community/game/1429?SearchBoard=1,V,CONFIRMED_NAME,,5,HP-Threshold Burst,적,단일,,초필살기. 자료상 총 체력 기준 강력한 피해,HP 2% 이하에서 발동 가능; 1차 승급 자격 판정에 포함,승급 조건: 숙련도 MAX,매드소울+완전방어,EFFECT_VERIFIED,FAN-VERIFIED,https://www.namu.moe/w/%EC%96%B4%EB%91%A0%EC%9D%98%20%EC%A0%84%EC%84%A4/%EA%B8%B0%EC%88%A0%EB%A7%88%EB%B2%95,승급 필수 스킬로 공식/공식호스팅 자료 재검증,INCLUDE
SK_전사_016,스톰블레이드,전사,1차승급,기술,기본 MP 소모 없음,,,,,https://lod.nexon.com/community/game/1429?SearchBoard=1,V,CONFIRMED_NAME,,승급,Attack,적,전방 3칸,,윈드블레이드 강화형,1차 승급,사용 숙련도 적용,윈드블레이드,EFFECT_VERIFIED,FAN-VERIFIED,https://www.namu.moe/w/%EC%96%B4%EB%91%A0%EC%9D%98%20%EC%A0%84%EC%84%A4/%EA%B8%B0%EC%88%A0%EB%A7%88%EB%B2%95,,INCLUDE
SK_전사_017,룬블레이드,전사,1차승급,기술,기본 MP 소모 없음,,,,,https://lod.nexon.com/community/game/1429?SearchBoard=1,V,CONFIRMED_NAME,,승급,Attack,적,사방 1칸,,메가블레이드 강화형,1차 승급,사용 숙련도 적용,메가블레이드,EFFECT_VERIFIED,FAN-VERIFIED,https://www.namu.moe/w/%EC%96%B4%EB%91%A0%EC%9D%98%20%EC%A0%84%EC%84%A4/%EA%B8%B0%EC%88%A0%EB%A7%88%EB%B2%95,,INCLUDE
SK_전사_018,집중,전사,1차승급,기술,기본 MP 소모 없음,,,,,https://lod.nexon.com/community/game/1429?SearchBoard=1,V,CONFIRMED_NAME,,승급,Buff,자신,자신,,매드소울/크래셔 계열 위력 증가,버프 활성,사용 숙련도 적용,,EFFECT_VERIFIED,FAN-VERIFIED,https://www.namu.moe/w/%EC%96%B4%EB%91%A0%EC%9D%98%20%EC%A0%84%EC%84%A4/%EA%B8%B0%EC%88%A0%EB%A7%88%EB%B2%95,,INCLUDE
SK_전사_019,포효,전사,1차승급,기술,기본 MP 소모 없음,,,,,https://lod.nexon.com/community/game/1429?SearchBoard=1,V,CONFIRMED_NAME,,승급,CrowdControl,적,화면 전체,,광역 바투,일부 몬스터 면역 가능,사용 숙련도 적용,바투,EFFECT_VERIFIED,FAN-VERIFIED,https://www.namu.moe/w/%EC%96%B4%EB%91%A0%EC%9D%98%20%EC%A0%84%EC%84%A4/%EA%B8%B0%EC%88%A0%EB%A7%88%EB%B2%95,,INCLUDE
SK_전사_020,메가어택,전사,1차승급,기술,기본 MP 소모 없음,,,,,https://lod.nexon.com/community/game/1429?SearchBoard=1,V,CONFIRMED_NAME,,승급,Passive/Attack,적,기본공격 연동,,기본공격 4타 구조,1차 승급,사용 숙련도 적용,,EFFECT_VERIFIED,FAN-VERIFIED,https://www.namu.moe/w/%EC%96%B4%EB%91%A0%EC%9D%98%20%EC%A0%84%EC%84%A4/%EA%B8%B0%EC%88%A0%EB%A7%88%EB%B2%95,,INCLUDE
SK_전사_021,돌진,전사,1차승급,기술,기본 MP 소모 없음,,,,,https://lod.nexon.com/community/game/1429?SearchBoard=1,V,CONFIRMED_NAME,,승급,Movement Attack,적,전방 5칸,,전방으로 돌진하며 공격,경로/충돌 판정 필요,사용 숙련도 적용,,EFFECT_VERIFIED,FAN-VERIFIED,https://www.namu.moe/w/%EC%96%B4%EB%91%A0%EC%9D%98%20%EC%A0%84%EC%84%A4/%EA%B8%B0%EC%88%A0%EB%A7%88%EB%B2%95,,INCLUDE
SK_전사_022,매드소울진,전사,순수1차,기술,기본 MP 소모 없음,,,,,https://lod.nexon.com/community/game/1429?SearchBoard=1,V,CONFIRMED_NAME,,순수승급,HP-Cost Burst,적,단일,,매드소울 강화형; 순수전사 전용,순수 1차 승급,사용 숙련도 적용,매드소울,EFFECT_VERIFIED,FAN-VERIFIED,https://www.namu.moe/w/%EC%96%B4%EB%91%A0%EC%9D%98%20%EC%A0%84%EC%84%A4/%EA%B8%B0%EC%88%A0%EB%A7%88%EB%B2%95,,INCLUDE
SK_전사_023,데빌크래셔,전사,순수1차,기술,기본 MP 소모 없음,,,,,https://lod.nexon.com/community/game/1429?SearchBoard=1,V,CONFIRMED_NAME,,순수승급,HP-Threshold Burst,적,단일,,크래셔 강화형; 순수전사 전용,순수 1차 승급,사용 숙련도 적용,크래셔,EFFECT_VERIFIED,FAN-VERIFIED,https://www.namu.moe/w/%EC%96%B4%EB%91%A0%EC%9D%98%20%EC%A0%84%EC%84%A4/%EA%B8%B0%EC%88%A0%EB%A7%88%EB%B2%95,,INCLUDE
SK_도적_001,찌르기,도적,일반,기술,기본 MP 소모 없음,,,,,https://lod.nexon.com/community/game/395118?SearchBoard=2,V,CONFIRMED_NAME,,1,Attack,적,전방 1칸,,도적 기본 근접 공격 기술. 이후 찔러휘비기→마구찌르기 업그레이드 체인.,도적 직업 선택 시 기본 습득/지급 계열.,숙련도 적용,,EFFECT_VERIFIED,V/O,https://lod.nexon.com/News/update/4933,신클라에서는 기본 습득 구조가 바뀌었으므로 원작 습득조건과 분리 관리.,INCLUDE
SK_도적_002,센스몬스터,도적,일반,기술,기본 MP 소모 없음,,,,,https://lod.nexon.com/community/game/395118?SearchBoard=2,V,CONFIRMED_NAME,,1,Identify,몬스터,단일,,몬스터 정보 확인. 숙련도가 오를수록 이름/EXP→HP→공격속성→방어속성까지 확인 가능.,몬스터 대상,숙련도 상승에 따라 정보 공개 단계 증가,,EFFECT_VERIFIED,V,https://lod.nexon.com/community/game/1712?SearchBoard=1,2022 레벨업 보상 기준 Lv8 기술서.,INCLUDE
SK_도적_003,표창날리기,도적,일반,기술,기본 MP 소모 없음,,,,,https://lod.nexon.com/community/game/395118?SearchBoard=2,V,CONFIRMED_NAME,,2,Ranged Attack,적,4칸,,도적 전용 표창 원거리 공격. 최대 4거리. 공격력은 기본공격과 유사한 수준.,도적만 사용 가능. 표창 장착/사용 조건.,숙련도 적용,,USER_CONFIRMED,U+V,https://lod.nexon.com/Community/game/7536?Category2=1&Page=9&SearchBoard=1,사거리 4 및 기본공격 유사 위력은 사용자 확인. 정확 대미지 공식은 미확정.,INCLUDE
SK_도적_004,밀기,도적,일반,기술,기본 MP 소모 없음,,,,,https://lod.nexon.com/community/game/395118?SearchBoard=2,V,CONFIRMED_NAME,,2,Movement Utility,대상,단일,,대상을 밀어 이동시킴,뒤 공간/충돌 규칙 필요,사용 숙련도 적용,,EFFECT_VERIFIED,FAN-VERIFIED,https://www.namu.moe/w/%EC%96%B4%EB%91%A0%EC%9D%98%20%EC%A0%84%EC%84%A4/%EA%B8%B0%EC%88%A0%EB%A7%88%EB%B2%95,,INCLUDE
SK_도적_005,아무네지아,도적,일반,기술,기본 MP 소모 없음,,,,,https://lod.nexon.com/community/game/395118?SearchBoard=2,V,CONFIRMED_NAME,,2,Aggro Reset,몬스터,원거리 단일,,몬스터의 인식을 초기화/타겟 해제,근접 시 사용 제한 및 수리검 무기 조건 자료 존재,사용 숙련도 적용,,EFFECT_VERIFIED,FAN-VERIFIED,https://www.namu.moe/w/%EC%96%B4%EB%91%A0%EC%9D%98%20%EC%A0%84%EC%84%A4/%EA%B8%B0%EC%88%A0%EB%A7%88%EB%B2%95,,INCLUDE
SK_도적_006,연막탄터뜨리기,도적,일반,기술,기본 MP 소모 없음,,,,,https://lod.nexon.com/community/game/395118?SearchBoard=2,V,CONFIRMED_NAME,,2,Blind/AoE,적,광역,,연막탄 아이템을 소비해 광역 시야 방해,연막탄 필요,사용 숙련도 적용,,EFFECT_VERIFIED,FAN-VERIFIED,https://www.namu.moe/w/%EC%96%B4%EB%91%A0%EC%9D%98%20%EC%A0%84%EC%84%A4/%EA%B8%B0%EC%88%A0%EB%A7%88%EB%B2%95,,INCLUDE
SK_도적_007,찔러휘비기,도적,일반,기술,기본 MP 소모 없음,,,,,https://lod.nexon.com/community/game/395118?SearchBoard=2,V,CONFIRMED_NAME,,2,Attack,적,근접 단일,,찌르기의 상위 근접 공격 기술. 승급 후 마구찌르기로 업그레이드.,유효 근접 대상,숙련도 적용,찌르기,EFFECT_VERIFIED,V,https://lod.nexon.com/community/game/7026?SearchBoard=1,2022 보상 기준 Lv25 기술서.,INCLUDE
SK_도적_008,더블어택,도적,일반,기술,기본 MP 소모 없음,,,,,https://lod.nexon.com/community/game/395118?SearchBoard=2,V,CONFIRMED_NAME,,2,Passive/Attack,적,기본공격 연동,,기본공격과 동시 발동하여 2회 타격 구조,일반 기본공격 입력에 연동,사용 숙련도 적용,,EFFECT_VERIFIED,FAN-VERIFIED,https://www.namu.moe/w/%EC%96%B4%EB%91%A0%EC%9D%98%20%EC%A0%84%EC%84%A4/%EA%B8%B0%EC%88%A0%EB%A7%88%EB%B2%95,,INCLUDE
SK_도적_009,품뒤져보기,도적,일반,기술,기본 MP 소모 없음,,,,,https://lod.nexon.com/community/game/395118?SearchBoard=2,V,CONFIRMED_NAME,,3,Inspect,유저,단일,,상대 플레이어의 소지 아이템을 확인하는 기술.,유저 대상,승급 전 낮은 숙련도에서 실패가 잦다는 구 자료,센스몬스터,EFFECT_VERIFIED,V,https://lod.nexon.com/community/game/1712?SearchBoard=1,2010 변경 자료: 선수과목 센스몬스터 60.,INCLUDE
SK_도적_010,센스,도적,일반,기술,기본 MP 소모 없음,,,,,https://lod.nexon.com/community/game/395118?SearchBoard=2,V,CONFIRMED_NAME,,3,Identify,유저,단일,,유저의 HP/MP 등 정보를 확인. 센스몬스터의 플레이어 대상 버전.,유저 대상,숙련도 적용,센스몬스터,EFFECT_VERIFIED,V,https://lod.nexon.com/community/game/1712?SearchBoard=1,2022 보상 기준 Lv45 기술서.,INCLUDE
SK_도적_011,하이드,도적,일반,기술,기본 MP 소모 없음,,,,,https://lod.nexon.com/community/game/395118?SearchBoard=2,V,CONFIRMED_NAME,,3,Stealth,자신,자신,,은신,공격/탐지/해제 조건 별도 구현,사용 숙련도 적용,,EFFECT_VERIFIED,FAN-VERIFIED,https://www.namu.moe/w/%EC%96%B4%EB%91%A0%EC%9D%98%20%EC%A0%84%EC%84%A4/%EA%B8%B0%EC%88%A0%EB%A7%88%EB%B2%95,,INCLUDE
SK_도적_012,함정찾기1,도적,일반,기술,기본 MP 소모 없음,,,,,https://lod.nexon.com/community/game/395118?SearchBoard=2,V,CONFIRMED_NAME,,3,Trap Detection,지면/함정,탐색 범위,,낮은 등급의 함정을 탐지/표시.,탐지 가능한 함정,숙련도 적용,,EFFECT_VERIFIED,V,https://lod.nexon.com/community/game/1712?SearchBoard=1,2022 보상 기준 Lv53 마법서.,INCLUDE
SK_도적_013,라이트닝무브,도적,일반,기술,기본 MP 소모 없음,,,,,https://lod.nexon.com/community/game/395118?SearchBoard=2,V,CONFIRMED_NAME,,3,Evasion Buff,자신,자신,,물리 공격 회피율을 높이는 버프.,자신 대상,숙련도 적용,,EFFECT_VERIFIED,V,https://lod.nexon.com/community/game/1712?SearchBoard=1,구 가이드 체감치 약 20% 언급. 정식 수치로 고정하지 않음. 2022 보상 Lv57.,INCLUDE
SK_도적_014,두번찌르기,도적,일반,기술,기본 MP 소모 없음,,,,,https://lod.nexon.com/community/game/395118?SearchBoard=2,V,CONFIRMED_NAME,,4,Attack,적,근접 단일,,찔러휘비기 상위 공격기,유효 대상,사용 숙련도 적용,찔러휘비기,EFFECT_VERIFIED,FAN-VERIFIED,https://www.namu.moe/w/%EC%96%B4%EB%91%A0%EC%9D%98%20%EC%A0%84%EC%84%A4/%EA%B8%B0%EC%88%A0%EB%A7%88%EB%B2%95,,INCLUDE
SK_도적_015,습격,도적,일반,기술,기본 MP 소모 없음,,,,,https://lod.nexon.com/community/game/395118?SearchBoard=2,V,CONFIRMED_NAME,,4,Stealth Burst,적,근접 단일,,자신을 인식하지 못한 적에게 강한 피해,대상이 자신을 인식하지 않은 상태,사용 숙련도 적용,,EFFECT_VERIFIED,FAN-VERIFIED,https://www.namu.moe/w/%EC%96%B4%EB%91%A0%EC%9D%98%20%EC%A0%84%EC%84%A4/%EA%B8%B0%EC%88%A0%EB%A7%88%EB%B2%95,,INCLUDE
SK_도적_016,센서스,도적,일반,기술,기본 MP 소모 없음,,,,,https://lod.nexon.com/community/game/395118?SearchBoard=2,V,CONFIRMED_NAME,,4,Detection,적/유저,탐지 범위,,하이드/하이더 탐지,은신 대상 존재,사용 숙련도 적용,,EFFECT_VERIFIED,FAN-VERIFIED,https://www.namu.moe/w/%EC%96%B4%EB%91%A0%EC%9D%98%20%EC%A0%84%EC%84%A4/%EA%B8%B0%EC%88%A0%EB%A7%88%EB%B2%95,,INCLUDE
SK_도적_017,함정찾기2,도적,일반,기술,기본 MP 소모 없음,,,,,https://lod.nexon.com/community/game/395118?SearchBoard=2,V,CONFIRMED_NAME,,4,Trap Detection,지면/함정,탐색 범위,,함정찾기1의 상위 탐지 마법. 승급자 사냥터급 함정 탐지에 사용.,상위 함정 대상,숙련도 적용,함정찾기1,EFFECT_VERIFIED,V,https://lod.nexon.com/community/game/1712?SearchBoard=1,2022 보상 기준 Lv77.,INCLUDE
SK_도적_018,함정해체,도적,일반,기술,기본 MP 소모 없음,,,,,https://lod.nexon.com/community/game/395118?SearchBoard=2,V,CONFIRMED_NAME,,4,Trap Utility,함정,전방/근접,,함정 해체,탐지/접근 가능한 함정; 1차 승급 자격 판정에 포함,승급 조건: 숙련도 MAX,함정찾기 계열,EFFECT_VERIFIED,FAN-VERIFIED,https://www.namu.moe/w/%EC%96%B4%EB%91%A0%EC%9D%98%20%EC%A0%84%EC%84%A4/%EA%B8%B0%EC%88%A0%EB%A7%88%EB%B2%95,승급 필수 스킬로 공식/공식호스팅 자료 재검증,INCLUDE
SK_도적_019,적갑옷해체,도적,일반,기술,기본 MP 소모 없음,,,,,https://lod.nexon.com/community/game/395118?SearchBoard=2,V,CONFIRMED_NAME,,5,Armor Break/PvP,적 플레이어,단일,,갑옷 장착 효과 해제/무효화 계열,PvP 허용 환경,사용 숙련도 적용,,EFFECT_VERIFIED,FAN-VERIFIED,https://www.namu.moe/w/%EC%96%B4%EB%91%A0%EC%9D%98%20%EC%A0%84%EC%84%A4/%EA%B8%B0%EC%88%A0%EB%A7%88%EB%B2%95,,INCLUDE
SK_도적_020,암살격,도적,일반,기술,기본 MP 소모 없음,,,,,https://lod.nexon.com/community/game/395118?SearchBoard=2,V,CONFIRMED_NAME,,5,HP-Cost Burst,적,근접 단일,,체력을 소모하는 필살기; 확률형 강타 자료 존재,체력 소비 가능 상태; 1차 승급 자격 판정에 포함,승급 조건: 숙련도 MAX,,EFFECT_VERIFIED,FAN-VERIFIED,https://www.namu.moe/w/%EC%96%B4%EB%91%A0%EC%9D%98%20%EC%A0%84%EC%84%A4/%EA%B8%B0%EC%88%A0%EB%A7%88%EB%B2%95,승급 필수 스킬로 공식/공식호스팅 자료 재검증,INCLUDE
SK_도적_021,마구찌르기,도적,1차승급,기술,기본 MP 소모 없음,,,,,https://lod.nexon.com/community/game/395118?SearchBoard=2,V,CONFIRMED_NAME,,승급,Attack,적,근접 단일,,찔러휘비기 업그레이드 공격기. 스킬레벨 상승 시 대미지 증가.,1차 승급/업그레이드,숙련도·스킬레벨 적용,찔러휘비기,EFFECT_VERIFIED,O/V,https://lod.nexon.com/community/game/7026?SearchBoard=1,2024 이후 승급 시 기본 지급 대상. 구클라에서는 업그레이드 재료 구조 존재.,INCLUDE
SK_도적_022,슬래쉬,도적,1차승급,기술,기본 MP 소모 없음,,,,,https://lod.nexon.com/community/game/395118?SearchBoard=2,V,CONFIRMED_NAME,,승급,Attack,적,근접 단일,,두번찌르기 업그레이드 공격기. 인식 여부와 무관하게 사용 가능하다는 현자 자료.,1차 승급/업그레이드,숙련도·스킬레벨 적용,두번찌르기,EFFECT_VERIFIED,O/V,https://lod.nexon.com/community/game/7026?SearchBoard=1,2024 이후 승급 시 기본 지급 대상.,INCLUDE
SK_도적_023,기습,도적,1차승급,기술,기본 MP 소모 없음,,,,,https://lod.nexon.com/community/game/395118?SearchBoard=2,V,CONFIRMED_NAME,,승급,Stealth Burst + ArmorBreak,적,근접 단일,,습격 상위. 비인식 조건 + 방어 약화 효과,대상이 자신을 인식하지 않은 상태,사용 숙련도 적용,습격,EFFECT_VERIFIED,FAN-VERIFIED,https://www.namu.moe/w/%EC%96%B4%EB%91%A0%EC%9D%98%20%EC%A0%84%EC%84%A4/%EA%B8%B0%EC%88%A0%EB%A7%88%EB%B2%95,,INCLUDE
SK_도적_024,트리플어택,도적,1차승급,기술,기본 MP 소모 없음,,,,,https://lod.nexon.com/community/game/395118?SearchBoard=2,V,CONFIRMED_NAME,,승급,Passive/Attack,적,기본공격 연동,,기본공격 3타 구조,일반 기본공격 입력에 연동,사용 숙련도 적용,,EFFECT_VERIFIED,FAN-VERIFIED,https://www.namu.moe/w/%EC%96%B4%EB%91%A0%EC%9D%98%20%EC%A0%84%EC%84%A4/%EA%B8%B0%EC%88%A0%EB%A7%88%EB%B2%95,,INCLUDE
SK_도적_025,함정파기,도적,1차승급,기술,기본 MP 소모 없음,,,,,https://lod.nexon.com/community/game/395118?SearchBoard=2,V,CONFIRMED_NAME,,승급,Trap,지면,근접 지면,,함정 설치,유효 지면,사용 숙련도 적용,,EFFECT_VERIFIED,FAN-VERIFIED,https://www.namu.moe/w/%EC%96%B4%EB%91%A0%EC%9D%98%20%EC%A0%84%EC%84%A4/%EA%B8%B0%EC%88%A0%EB%A7%88%EB%B2%95,,INCLUDE
SK_도적_026,하이더,도적,1차승급,기술,기본 MP 소모 없음,,,,,https://lod.nexon.com/community/game/395118?SearchBoard=2,V,CONFIRMED_NAME,,승급,Stealth,자신,자신,,상위 은신 마법. 하이드/하이더 계열 은신 상태를 형성.,승급 후 습득. 구 자료 요구스탯/장비 존재.,숙련도 적용,하이드,PARTIAL_VERIFIED,V,https://lod.nexon.com/community/game/3087?SearchBoard=1,구 자료 하이더 포인트 100/30/34/20/140. 정확 지속/해제 규칙은 시대별 패치 차이.,INCLUDE
SK_도적_027,암살격진,도적,순수1차,기술,기본 MP 소모 없음,,,,,https://lod.nexon.com/community/game/395118?SearchBoard=2,V,CONFIRMED_NAME,,순수승급,HP-Cost Burst,적,근접 단일,,암살격 강화형; 순수도적 전용,순수 1차 승급,사용 숙련도 적용,암살격,EFFECT_VERIFIED,FAN-VERIFIED,https://www.namu.moe/w/%EC%96%B4%EB%91%A0%EC%9D%98%20%EC%A0%84%EC%84%A4/%EA%B8%B0%EC%88%A0%EB%A7%88%EB%B2%95,,INCLUDE
SK_도적_028,습격진,도적,순수1차,기술,기본 MP 소모 없음,,,,,https://lod.nexon.com/community/game/395118?SearchBoard=2,V,CONFIRMED_NAME,,순수승급,Stealth Burst,적,근접 단일,,습격 강화형; 순수도적 전용,비인식 대상/순수 승급,사용 숙련도 적용,습격,EFFECT_VERIFIED,FAN-VERIFIED,https://www.namu.moe/w/%EC%96%B4%EB%91%A0%EC%9D%98%20%EC%A0%84%EC%84%A4/%EA%B8%B0%EC%88%A0%EB%A7%88%EB%B2%95,,INCLUDE
SK_도적_029,백스탭,도적,순수1차,기술,기본 MP 소모 없음,,,,,https://lod.nexon.com/community/game/395118?SearchBoard=2,V,CONFIRMED_NAME,,순수승급,Stealth Burst,적,근접 단일,,순수도적 전용 기습계 공격,비인식 대상/순수 승급,사용 숙련도 적용,습격진 계열,EFFECT_VERIFIED,FAN-VERIFIED,https://www.namu.moe/w/%EC%96%B4%EB%91%A0%EC%9D%98%20%EC%A0%84%EC%84%A4/%EA%B8%B0%EC%88%A0%EB%A7%88%EB%B2%95,,INCLUDE
SK_도적_030,백슬래쉬,도적,순수1차,기술,기본 MP 소모 없음,,,,,https://lod.nexon.com/community/game/395118?SearchBoard=2,V,CONFIRMED_NAME,,순수승급,Attack,적,전후 1칸,,전방·후방 각 1칸을 공격하는 순수도적 기술.,순수 1차 승급,숙련도 적용,,EFFECT_VERIFIED,V,https://gamezone.live/board_vJGK77/813566?order_type=desc&sort_index=title,"현자/팬자료: 약 6초 딜레이 언급, 몬스터 인식 상태에서도 사용 가능.",INCLUDE
SK_도적_031,설치형트랩,도적,순수1차,기술,기본 MP 소모 없음,,,,,https://lod.nexon.com/community/game/395118?SearchBoard=2,V,CONFIRMED_NAME,,순수승급,Passive/Trap,자신/지면,자신/설치,,설치형 트랩을 습득하며 기본공격 추가타 1회를 부여하는 구조가 확인됨.,순수 1차 승급,패시브+기술 숙련,,EFFECT_VERIFIED,V,https://lod.nexon.com/community/game/6929?SearchBoard=1,더블/트리플 보유 시 기본공격 횟수 증가. 이후 라이트닝트랩과의 관계 존재.,INCLUDE
SK_마법사_001,마레노,마법사,일반,마법,MP,,,,,https://lod.nexon.com/community/game/5819?SearchBoard=1,V,CONFIRMED_NAME,,1,Magic Attack,적,단일,水,1단계 수속성 공격마법,MP 필요,낮은 숙련도 실패/효과 미발휘 가능,,EFFECT_VERIFIED,FAN-VERIFIED,https://www.namu.moe/w/%EC%96%B4%EB%91%A0%EC%9D%98%20%EC%A0%84%EC%84%A4/%EA%B8%B0%EC%88%A0%EB%A7%88%EB%B2%95,,INCLUDE
SK_마법사_002,렌토,마법사,일반,마법,MP,,,,,https://lod.nexon.com/community/game/5819?SearchBoard=1,V,CONFIRMED_NAME,,2,Curse,적,단일,,1단계 방어 저주; 자료상 AC+20,MP 필요,낮은 숙련도 실패 가능,,EFFECT_VERIFIED,FAN-VERIFIED,https://www.namu.moe/w/%EC%96%B4%EB%91%A0%EC%9D%98%20%EC%A0%84%EC%84%A4/%EA%B8%B0%EC%88%A0%EB%A7%88%EB%B2%95,,INCLUDE
SK_마법사_003,테라미코,마법사,일반,마법,MP,,,,,https://lod.nexon.com/community/game/5819?SearchBoard=1,V,CONFIRMED_NAME,,2,Magic Attack,적,단일,土,1단계 토속성 공격마법,MP 필요,낮은 숙련도 실패 가능,,EFFECT_VERIFIED,FAN-VERIFIED,https://www.namu.moe/w/%EC%96%B4%EB%91%A0%EC%9D%98%20%EC%A0%84%EC%84%A4/%EA%B8%B0%EC%88%A0%EB%A7%88%EB%B2%95,,INCLUDE
SK_마법사_004,아듀로,마법사,일반,마법,MP,,,,,https://lod.nexon.com/community/game/5819?SearchBoard=1,V,CONFIRMED_NAME,,2,Magic Attack,적,단일,風,1단계 풍속성 공격마법,MP 필요,낮은 숙련도 실패 가능,,EFFECT_VERIFIED,FAN-VERIFIED,https://www.namu.moe/w/%EC%96%B4%EB%91%A0%EC%9D%98%20%EC%A0%84%EC%84%A4/%EA%B8%B0%EC%88%A0%EB%A7%88%EB%B2%95,,INCLUDE
SK_마법사_005,플라모,마법사,일반,마법,MP,,,,,https://lod.nexon.com/community/game/5819?SearchBoard=1,V,CONFIRMED_NAME,,2,Magic Attack,적,단일,火,1단계 화속성 공격마법,MP 필요,낮은 숙련도 실패 가능,,EFFECT_VERIFIED,FAN-VERIFIED,https://www.namu.moe/w/%EC%96%B4%EB%91%A0%EC%9D%98%20%EC%A0%84%EC%84%A4/%EA%B8%B0%EC%88%A0%EB%A7%88%EB%B2%95,,INCLUDE
SK_마법사_006,콘푸지오,마법사,일반,마법,MP,,,,,https://lod.nexon.com/community/game/5819?SearchBoard=1,V,CONFIRMED_NAME,,2,Confusion/Aggro Reset,몬스터,단일,,몬스터의 공격 타겟/인식을 혼란·초기화하는 마법. 아무네지아와 유사한 역할.,몬스터 대상,숙련도/성공 판정,,EFFECT_VERIFIED,FAN/V,https://www.namu.moe/w/%EC%96%B4%EB%91%A0%EC%9D%98%20%EC%A0%84%EC%84%A4/%EA%B8%B0%EC%88%A0%EB%A7%88%EB%B2%95,2022 보상 기준 Lv17.,INCLUDE
SK_마법사_007,수페라마레나,마법사,일반,마법,MP,,,,,https://lod.nexon.com/community/game/5819?SearchBoard=1,V,CONFIRMED_NAME,,2,Magic AoE,적,사방 1칸,水,1단계 사방 속성 공격마법. 같은 속성의 1단계 단일마법보다 약간 강한 계열.,MP 필요/근접 사방,낮은 숙련도 실패 가능,,EFFECT_VERIFIED,FAN/V,https://www.namu.moe/w/%EC%96%B4%EB%91%A0%EC%9D%98%20%EC%A0%84%EC%84%A4/%EA%B8%B0%EC%88%A0%EB%A7%88%EB%B2%95,2022 레벨업 보상 기준 Lv22 마법서.,INCLUDE
SK_마법사_008,수페라테라미카,마법사,일반,마법,MP,,,,,https://lod.nexon.com/community/game/5819?SearchBoard=1,V,CONFIRMED_NAME,,2,Magic AoE,적,사방 1칸,土,1단계 사방 속성 공격마법. 같은 속성의 1단계 단일마법보다 약간 강한 계열.,MP 필요/근접 사방,낮은 숙련도 실패 가능,,EFFECT_VERIFIED,FAN/V,https://www.namu.moe/w/%EC%96%B4%EB%91%A0%EC%9D%98%20%EC%A0%84%EC%84%A4/%EA%B8%B0%EC%88%A0%EB%A7%88%EB%B2%95,2022 레벨업 보상 기준 Lv22 마법서.,INCLUDE
SK_마법사_009,수페라아듀라,마법사,일반,마법,MP,,,,,https://lod.nexon.com/community/game/5819?SearchBoard=1,V,CONFIRMED_NAME,,2,Magic AoE,적,사방 1칸,風,1단계 사방 속성 공격마법. 같은 속성의 1단계 단일마법보다 약간 강한 계열.,MP 필요/근접 사방,낮은 숙련도 실패 가능,,EFFECT_VERIFIED,FAN/V,https://www.namu.moe/w/%EC%96%B4%EB%91%A0%EC%9D%98%20%EC%A0%84%EC%84%A4/%EA%B8%B0%EC%88%A0%EB%A7%88%EB%B2%95,2022 레벨업 보상 기준 Lv23 마법서.,INCLUDE
SK_마법사_010,수페라플라미카,마법사,일반,마법,MP,,,,,https://lod.nexon.com/community/game/5819?SearchBoard=1,V,CONFIRMED_NAME,,2,Magic AoE,적,사방 1칸,火,1단계 사방 속성 공격마법. 같은 속성의 1단계 단일마법보다 약간 강한 계열.,MP 필요/근접 사방,낮은 숙련도 실패 가능,,EFFECT_VERIFIED,FAN/V,https://www.namu.moe/w/%EC%96%B4%EB%91%A0%EC%9D%98%20%EC%A0%84%EC%84%A4/%EA%B8%B0%EC%88%A0%EB%A7%88%EB%B2%95,2022 레벨업 보상 기준 Lv23 마법서.,INCLUDE
SK_마법사_011,바르도,마법사,일반,마법,MP,,,,,https://lod.nexon.com/community/game/5819?SearchBoard=1,V,CONFIRMED_NAME,,3,Curse,적,단일,,"2단계 저주. AC +35, 마법방어 -10%.",저주 면역/중복 규칙 적용,낮은 숙련도 실패 가능,렌토 계열,EFFECT_VERIFIED,V/FAN,https://lod.nexon.com/community/game/7799?SearchBoard=1,2022 보상 기준 Lv40.,INCLUDE
SK_마법사_012,베노미,마법사,일반,마법,MP,,,,,https://lod.nexon.com/community/game/5819?SearchBoard=1,V,CONFIRMED_NAME,,확인 필요,Poison,적,단일,,지속 중독 피해,MP 필요/면역 확인,낮은 숙련도 실패 가능,,EFFECT_VERIFIED,V,https://lod.nexon.com/News/notice/102752,,INCLUDE
SK_마법사_013,마레누스,마법사,일반,마법,MP,,,,,https://lod.nexon.com/community/game/5819?SearchBoard=1,V,CONFIRMED_NAME,,3,Magic Attack,적,단일,水,2단계 단일 속성 공격마법.,MP 필요,낮은 숙련도 실패 가능,,EFFECT_VERIFIED,FAN/V,https://www.namu.moe/w/%EC%96%B4%EB%91%A0%EC%9D%98%20%EC%A0%84%EC%84%A4/%EA%B8%B0%EC%88%A0%EB%A7%88%EB%B2%95,2022 보상 기준 Lv46 네 속성 마법서.,INCLUDE
SK_마법사_014,테라미쿠스,마법사,일반,마법,MP,,,,,https://lod.nexon.com/community/game/5819?SearchBoard=1,V,CONFIRMED_NAME,,3,Magic Attack,적,단일,土,2단계 단일 속성 공격마법.,MP 필요,낮은 숙련도 실패 가능,,EFFECT_VERIFIED,FAN/V,https://www.namu.moe/w/%EC%96%B4%EB%91%A0%EC%9D%98%20%EC%A0%84%EC%84%A4/%EA%B8%B0%EC%88%A0%EB%A7%88%EB%B2%95,2022 보상 기준 Lv46 네 속성 마법서.,INCLUDE
SK_마법사_015,아듀로스,마법사,일반,마법,MP,,,,,https://lod.nexon.com/community/game/5819?SearchBoard=1,V,CONFIRMED_NAME,,3,Magic Attack,적,단일,風,2단계 단일 속성 공격마법.,MP 필요,낮은 숙련도 실패 가능,,EFFECT_VERIFIED,FAN/V,https://www.namu.moe/w/%EC%96%B4%EB%91%A0%EC%9D%98%20%EC%A0%84%EC%84%A4/%EA%B8%B0%EC%88%A0%EB%A7%88%EB%B2%95,2022 보상 기준 Lv46 네 속성 마법서.,INCLUDE
SK_마법사_016,플라무스,마법사,일반,마법,MP,,,,,https://lod.nexon.com/community/game/5819?SearchBoard=1,V,CONFIRMED_NAME,,3,Magic Attack,적,단일,火,2단계 단일 속성 공격마법.,MP 필요,낮은 숙련도 실패 가능,,EFFECT_VERIFIED,FAN/V,https://www.namu.moe/w/%EC%96%B4%EB%91%A0%EC%9D%98%20%EC%A0%84%EC%84%A4/%EA%B8%B0%EC%88%A0%EB%A7%88%EB%B2%95,2022 보상 기준 Lv46 네 속성 마법서.,INCLUDE
SK_마법사_017,나르콜리,마법사,일반,마법,MP,,,,,https://lod.nexon.com/community/game/5819?SearchBoard=1,V,CONFIRMED_NAME,,3,CrowdControl,적,단일,,정지/행동 제한 계열 마법,MP 필요/해제 가능,낮은 숙련도 실패 가능,,EFFECT_VERIFIED,V,https://lod.nexon.com/News/notice/102752,,INCLUDE
SK_마법사_018,엑스마레나,마법사,일반,마법,MP,,,,,https://lod.nexon.com/community/game/5819?SearchBoard=1,V,CONFIRMED_NAME,,3,Magic AoE,적,대상 중심 사방,水,2단계 사방 속성 공격마법. 타겟 지정형.,MP 필요,낮은 숙련도 실패 가능,,EFFECT_VERIFIED,FAN/V,https://www.namu.moe/w/%EC%96%B4%EB%91%A0%EC%9D%98%20%EC%A0%84%EC%84%A4/%EA%B8%B0%EC%88%A0%EB%A7%88%EB%B2%95,2022 보상 기준 Lv52 네 속성 마법서.,INCLUDE
SK_마법사_019,엑스테라미카,마법사,일반,마법,MP,,,,,https://lod.nexon.com/community/game/5819?SearchBoard=1,V,CONFIRMED_NAME,,3,Magic AoE,적,대상 중심 사방,土,2단계 사방 속성 공격마법. 타겟 지정형.,MP 필요,낮은 숙련도 실패 가능,,EFFECT_VERIFIED,FAN/V,https://www.namu.moe/w/%EC%96%B4%EB%91%A0%EC%9D%98%20%EC%A0%84%EC%84%A4/%EA%B8%B0%EC%88%A0%EB%A7%88%EB%B2%95,2022 보상 기준 Lv52 네 속성 마법서.,INCLUDE
SK_마법사_020,엑스아듀라,마법사,일반,마법,MP,,,,,https://lod.nexon.com/community/game/5819?SearchBoard=1,V,CONFIRMED_NAME,,3,Magic AoE,적,대상 중심 사방,風,2단계 사방 속성 공격마법. 타겟 지정형.,MP 필요,낮은 숙련도 실패 가능,,EFFECT_VERIFIED,FAN/V,https://www.namu.moe/w/%EC%96%B4%EB%91%A0%EC%9D%98%20%EC%A0%84%EC%84%A4/%EA%B8%B0%EC%88%A0%EB%A7%88%EB%B2%95,2022 보상 기준 Lv52 네 속성 마법서.,INCLUDE
SK_마법사_021,엑스플라미카,마법사,일반,마법,MP,,,,,https://lod.nexon.com/community/game/5819?SearchBoard=1,V,CONFIRMED_NAME,,3,Magic AoE,적,대상 중심 사방,火,2단계 사방 속성 공격마법. 타겟 지정형.,MP 필요,낮은 숙련도 실패 가능,,EFFECT_VERIFIED,FAN/V,https://www.namu.moe/w/%EC%96%B4%EB%91%A0%EC%9D%98%20%EC%A0%84%EC%84%A4/%EA%B8%B0%EC%88%A0%EB%A7%88%EB%B2%95,2022 보상 기준 Lv52 네 속성 마법서.,INCLUDE
SK_마법사_022,로카테오,마법사,일반,마법,MP,,,,,https://lod.nexon.com/community/game/5819?SearchBoard=1,V,CONFIRMED_NAME,,4,Teleport,그룹원,그룹원 위치로 이동,,그룹원 위치로 순간이동. 로카메아의 반대 기능.,같은 그룹원/이동 허용 지역,숙련도 적용,,EFFECT_VERIFIED,FAN/V,https://www.namu.moe/w/%EC%96%B4%EB%91%A0%EC%9D%98%20%EC%A0%84%EC%84%A4/%EA%B8%B0%EC%88%A0%EB%A7%88%EB%B2%95,2022 보상 기준 Lv74.,INCLUDE
SK_마법사_023,딜루메니,마법사,일반,마법,MP,,,,,https://lod.nexon.com/community/game/5819?SearchBoard=1,V,CONFIRMED_NAME,,4,Blind,적,단일,,시야 감소/실명,MP 필요,낮은 숙련도 실패 가능,,EFFECT_VERIFIED,FAN-VERIFIED,https://www.namu.moe/w/%EC%96%B4%EB%91%A0%EC%9D%98%20%EC%A0%84%EC%84%A4/%EA%B8%B0%EC%88%A0%EB%A7%88%EB%B2%95,,INCLUDE
SK_마법사_024,데프레코,마법사,일반,마법,MP,,,,,https://lod.nexon.com/community/game/5819?SearchBoard=1,V,CONFIRMED_NAME,,4,Curse,적,단일,,"3단계 저주; 자료상 AC+50, 마법방어 감소",MP 필요,낮은 숙련도 실패 가능,,EFFECT_VERIFIED,FAN-VERIFIED,https://www.namu.moe/w/%EC%96%B4%EB%91%A0%EC%9D%98%20%EC%A0%84%EC%84%A4/%EA%B8%B0%EC%88%A0%EB%A7%88%EB%B2%95,,INCLUDE
SK_마법사_025,소루마,마법사,일반,마법,MP,,,,,https://lod.nexon.com/community/game/5819?SearchBoard=1,V,CONFIRMED_NAME,,4,Freeze,적,단일,,동결 상태 부여,MP 필요/해제 가능,낮은 숙련도 실패 가능,,EFFECT_VERIFIED,FAN-VERIFIED,https://www.namu.moe/w/%EC%96%B4%EB%91%A0%EC%9D%98%20%EC%A0%84%EC%84%A4/%EA%B8%B0%EC%88%A0%EB%A7%88%EB%B2%95,,INCLUDE
SK_마법사_026,마레네라,마법사,일반,마법,MP,,,,,https://lod.nexon.com/community/game/5819?SearchBoard=1,V,CONFIRMED_NAME,,4,Magic Attack,적,단일,水,상위 수속성 공격마법,MP 필요,낮은 숙련도 실패 가능,,EFFECT_VERIFIED,FAN-VERIFIED,https://www.namu.moe/w/%EC%96%B4%EB%91%A0%EC%9D%98%20%EC%A0%84%EC%84%A4/%EA%B8%B0%EC%88%A0%EB%A7%88%EB%B2%95,,INCLUDE
SK_마법사_027,테라미에라,마법사,일반,마법,MP,,,,,https://lod.nexon.com/community/game/5819?SearchBoard=1,V,CONFIRMED_NAME,,4,Magic Attack,적,단일,土,상위 토속성 공격마법,MP 필요,낮은 숙련도 실패 가능,,EFFECT_VERIFIED,FAN-VERIFIED,https://www.namu.moe/w/%EC%96%B4%EB%91%A0%EC%9D%98%20%EC%A0%84%EC%84%A4/%EA%B8%B0%EC%88%A0%EB%A7%88%EB%B2%95,,INCLUDE
SK_마법사_028,아듀레나,마법사,일반,마법,MP,,,,,https://lod.nexon.com/community/game/5819?SearchBoard=1,V,CONFIRMED_NAME,,4,Magic Attack,적,단일,風,상위 풍속성 공격마법,MP 필요,낮은 숙련도 실패 가능,,EFFECT_VERIFIED,FAN-VERIFIED,https://www.namu.moe/w/%EC%96%B4%EB%91%A0%EC%9D%98%20%EC%A0%84%EC%84%A4/%EA%B8%B0%EC%88%A0%EB%A7%88%EB%B2%95,,INCLUDE
SK_마법사_029,플라메라,마법사,일반,마법,MP,,,,,https://lod.nexon.com/community/game/5819?SearchBoard=1,V,CONFIRMED_NAME,,4,Magic Attack,적,단일,火,상위 화속성 공격마법,MP 필요,낮은 숙련도 실패 가능,,EFFECT_VERIFIED,FAN-VERIFIED,https://www.namu.moe/w/%EC%96%B4%EB%91%A0%EC%9D%98%20%EC%A0%84%EC%84%A4/%EA%B8%B0%EC%88%A0%EB%A7%88%EB%B2%95,,INCLUDE
SK_마법사_030,마네나로,마법사,일반,마법,MP,,,,,https://lod.nexon.com/community/game/5819?SearchBoard=1,V,CONFIRMED_NAME,,4,Magic AoE,적,화면/광역,水,수속성 광역 공격마법,충분한 MP 조건 자료 존재,낮은 숙련도 실패 가능,,EFFECT_VERIFIED,FAN-VERIFIED,https://www.namu.moe/w/%EC%96%B4%EB%91%A0%EC%9D%98%20%EC%A0%84%EC%84%A4/%EA%B8%B0%EC%88%A0%EB%A7%88%EB%B2%95,,INCLUDE
SK_마법사_031,테라미칼로,마법사,일반,마법,MP,,,,,https://lod.nexon.com/community/game/5819?SearchBoard=1,V,CONFIRMED_NAME,,4,Magic AoE,적,화면/광역,土,토속성 광역 공격마법,충분한 MP 조건 자료 존재,낮은 숙련도 실패 가능,,EFFECT_VERIFIED,FAN-VERIFIED,https://www.namu.moe/w/%EC%96%B4%EB%91%A0%EC%9D%98%20%EC%A0%84%EC%84%A4/%EA%B8%B0%EC%88%A0%EB%A7%88%EB%B2%95,,INCLUDE
SK_마법사_032,아듀랄로,마법사,일반,마법,MP,,,,,https://lod.nexon.com/community/game/5819?SearchBoard=1,V,CONFIRMED_NAME,,4,Magic AoE,적,화면/광역,風,풍속성 광역 공격마법,충분한 MP 조건 자료 존재,낮은 숙련도 실패 가능,,EFFECT_VERIFIED,FAN-VERIFIED,https://www.namu.moe/w/%EC%96%B4%EB%91%A0%EC%9D%98%20%EC%A0%84%EC%84%A4/%EA%B8%B0%EC%88%A0%EB%A7%88%EB%B2%95,,INCLUDE
SK_마법사_033,플라미칼로,마법사,일반,마법,MP,,,,,https://lod.nexon.com/community/game/5819?SearchBoard=1,V,CONFIRMED_NAME,,4,Magic AoE,적,화면/광역,火,화속성 광역 공격마법,충분한 MP 조건 자료 존재,낮은 숙련도 실패 가능,,EFFECT_VERIFIED,FAN-VERIFIED,https://www.namu.moe/w/%EC%96%B4%EB%91%A0%EC%9D%98%20%EC%A0%84%EC%84%A4/%EA%B8%B0%EC%88%A0%EB%A7%88%EB%B2%95,,INCLUDE
SK_마법사_034,세멜리아,마법사,일반,마법,MP,,,,,https://lod.nexon.com/community/game/5819?SearchBoard=1,V,CONFIRMED_NAME,,5,Magic Burst,적,단일,闇,암흑 속성 단일 필살 마법; MP 전량 소모,MP > 0,숙련도 적용,,EFFECT_VERIFIED,FAN-VERIFIED,https://www.namu.moe/w/%EC%96%B4%EB%91%A0%EC%9D%98%20%EC%A0%84%EC%84%A4/%EA%B8%B0%EC%88%A0%EB%A7%88%EB%B2%95,,INCLUDE
SK_마법사_035,아마겟돈,마법사,일반,마법,MP,,,,,https://lod.nexon.com/community/game/5819?SearchBoard=1,V,CONFIRMED_NAME,,5,Magic Burst,적,사방,闇,암흑 속성 사방 공격; MP 전량 소모,MP > 0,숙련도 적용,세멜리아,EFFECT_VERIFIED,FAN-VERIFIED,https://www.namu.moe/w/%EC%96%B4%EB%91%A0%EC%9D%98%20%EC%A0%84%EC%84%A4/%EA%B8%B0%EC%88%A0%EB%A7%88%EB%B2%95,,INCLUDE
SK_마법사_036,숨마스텔라,마법사,일반,마법,MP,,,,,https://lod.nexon.com/community/game/5819?SearchBoard=1,V,CONFIRMED_NAME,,5,Magic Burst,적,대상+사방,闇,암흑 속성 복수 대상 공격; MP 전량 소모,MP > 0,숙련도 적용,세멜리아/아마겟돈 계열,EFFECT_VERIFIED,FAN-VERIFIED,https://www.namu.moe/w/%EC%96%B4%EB%91%A0%EC%9D%98%20%EC%A0%84%EC%84%A4/%EA%B8%B0%EC%88%A0%EB%A7%88%EB%B2%95,,INCLUDE
SK_마법사_037,라그나로크,마법사,일반,마법,MP,,,,,https://lod.nexon.com/community/game/5819?SearchBoard=1,V,CONFIRMED_NAME,,5,Magic Burst,적,화면 전체,闇,암흑 속성 전체 공격; MP 전량 소모,MP > 0; 1차 승급 자격 판정에 포함,승급 조건: 숙련도 MAX,세멜리아+숨마스텔라 계열,EFFECT_VERIFIED,FAN-VERIFIED,https://www.namu.moe/w/%EC%96%B4%EB%91%A0%EC%9D%98%20%EC%A0%84%EC%84%A4/%EA%B8%B0%EC%88%A0%EB%A7%88%EB%B2%95,승급 필수 스킬로 공식/공식호스팅 자료 재검증,INCLUDE
SK_마법사_038,데스,마법사,일반,마법,MP,,,,,https://lod.nexon.com/community/game/5819?SearchBoard=1,V,CONFIRMED_NAME,,5,DoT/Finisher,적,단일,,상급 중독 계열. 시전 시 MP가 0이 되며 뮤레칸의눈물 시약을 요구하는 구 규칙이 확인됨. 해골 틱마다 대상 체력의 약 5% 소모 자료.,현재 MP/총 MP 조건 및 시약 조건 구자료 존재,승급 조건: 숙련도 MAX,베노미 계열,EFFECT_VERIFIED,V,https://lod.nexon.com/community/game/5164?SearchBoard=1,"2021 현자자료: 해골 이미지 회당 HP 약5%, 랜덤성 존재. 승급 필수.",INCLUDE
SK_마법사_039,아이스블러스트,마법사,1차승급,마법,MP,,,,,https://lod.nexon.com/community/game/5819?SearchBoard=1,V,CONFIRMED_NAME,,승급,Magic Attack,적,단일,水,4써클 3단계 단일 속성 공격마법의 승급 업그레이드.,1차 승급,숙련도 적용,마레네라,EFFECT_VERIFIED,O/V,https://lod.nexon.com/community/game/7026?SearchBoard=1,2024 이후 승급 시 기본 지급 대상.,INCLUDE
SK_마법사_040,퀘이크,마법사,1차승급,마법,MP,,,,,https://lod.nexon.com/community/game/5819?SearchBoard=1,V,CONFIRMED_NAME,,승급,Magic Attack,적,단일,土,4써클 3단계 단일 속성 공격마법의 승급 업그레이드.,1차 승급,숙련도 적용,테라미에라,EFFECT_VERIFIED,O/V,https://lod.nexon.com/community/game/7026?SearchBoard=1,2024 이후 승급 시 기본 지급 대상.,INCLUDE
SK_마법사_041,플레쉬스톰,마법사,1차승급,마법,MP,,,,,https://lod.nexon.com/community/game/5819?SearchBoard=1,V,CONFIRMED_NAME,,승급,Magic Attack,적,단일,風,4써클 3단계 단일 속성 공격마법의 승급 업그레이드.,1차 승급,숙련도 적용,아듀레나,EFFECT_VERIFIED,O/V,https://lod.nexon.com/community/game/7026?SearchBoard=1,2024 이후 승급 시 기본 지급 대상.,INCLUDE
SK_마법사_042,플레어,마법사,1차승급,마법,MP,,,,,https://lod.nexon.com/community/game/5819?SearchBoard=1,V,CONFIRMED_NAME,,승급,Magic Attack,적,단일,火,4써클 3단계 단일 속성 공격마법의 승급 업그레이드.,1차 승급,숙련도 적용,플라메라,EFFECT_VERIFIED,O/V,https://lod.nexon.com/community/game/7026?SearchBoard=1,2024 이후 승급 시 기본 지급 대상.,INCLUDE
SK_마법사_043,메테오,마법사,1차승급,마법,MP,,,,,https://lod.nexon.com/community/game/5819?SearchBoard=1,V,CONFIRMED_NAME,,승급,Magic Burst,적,화면 전체,闇,승급 전체공격 마법; MP 전량 소모,1차 승급/MP > 0,숙련도 적용,,EFFECT_VERIFIED,FAN-VERIFIED,https://www.namu.moe/w/%EC%96%B4%EB%91%A0%EC%9D%98%20%EC%A0%84%EC%84%A4/%EA%B8%B0%EC%88%A0%EB%A7%88%EB%B2%95,,INCLUDE
SK_마법사_044,속성강화,마법사,1차승급,마법,MP,,,,,https://lod.nexon.com/community/game/5819?SearchBoard=1,V,CONFIRMED_NAME,,승급,Buff,자신,자신,,속성 상성 효과를 강화,1차 승급,숙련도 적용,,EFFECT_VERIFIED,FAN-VERIFIED,https://www.namu.moe/w/%EC%96%B4%EB%91%A0%EC%9D%98%20%EC%A0%84%EC%84%A4/%EA%B8%B0%EC%88%A0%EB%A7%88%EB%B2%95,,INCLUDE
SK_마법사_045,매직프로텍션,마법사,1차승급,마법,MP,,,,,https://lod.nexon.com/community/game/5819?SearchBoard=1,V,CONFIRMED_NAME,,승급,Defense Buff,자신,자신,,방어력 증가. 자료상 AC -20,1차 승급,숙련도 적용,,EFFECT_VERIFIED,FAN-VERIFIED,https://www.namu.moe/w/%EC%96%B4%EB%91%A0%EC%9D%98%20%EC%A0%84%EC%84%A4/%EA%B8%B0%EC%88%A0%EB%A7%88%EB%B2%95,,INCLUDE
SK_마법사_046,어둠의각인,마법사,순수1차,마법,MP,,,,,https://lod.nexon.com/community/game/5819?SearchBoard=1,V,CONFIRMED_NAME,,순수승급,Curse,적,단일,,최상위 저주; 자료상 AC+70 및 마법방어 감소,순수 1차 승급,숙련도 적용,,EFFECT_VERIFIED,FAN-VERIFIED,https://www.namu.moe/w/%EC%96%B4%EB%91%A0%EC%9D%98%20%EC%A0%84%EC%84%A4/%EA%B8%B0%EC%88%A0%EB%A7%88%EB%B2%95,,INCLUDE
SK_마법사_047,렌티아,마법사,순수1차,마법,MP,,,,,https://lod.nexon.com/community/game/5819?SearchBoard=1,V,CONFIRMED_NAME,,순수승급,Curse,적,단일,,"단일 저주. AC +20, 마법방어 0%. 지속시간은 일반 렌토 계열보다 짧은 순수승급 버전.",순수 1차 승급/저주 면역 적용,숙련도 적용,어둠의각인 계열,EFFECT_VERIFIED,V,https://lod.nexon.com/community/game/7799?SearchBoard=1,순수법사 저주 연계. 구자료와 2025 정리 교차.,INCLUDE
SK_마법사_048,바르데아,마법사,순수1차,마법,MP,,,,,https://lod.nexon.com/community/game/5819?SearchBoard=1,V,CONFIRMED_NAME,,순수승급,Curse,적,단일,,"단일 저주. AC +35, 마법방어 -10%.",순수 1차 승급/저주 면역 적용,숙련도 적용,렌티아,EFFECT_VERIFIED,V,https://lod.nexon.com/community/game/7799?SearchBoard=1,순수법사 저주 연계. 구자료와 2025 정리 교차.,INCLUDE
SK_마법사_049,데프레타,마법사,순수1차,마법,MP,,,,,https://lod.nexon.com/community/game/5819?SearchBoard=1,V,CONFIRMED_NAME,,순수승급,Curse,적,단일,,"단일 저주. AC +50, 마법방어 -20%.",순수 1차 승급/저주 면역 적용,숙련도 적용,바르데아,EFFECT_VERIFIED,V,https://lod.nexon.com/community/game/7799?SearchBoard=1,순수법사 저주 연계. 구자료와 2025 정리 교차.,INCLUDE
SK_마법사_050,프라베라,마법사,순수1차,마법,MP,,,,,https://lod.nexon.com/community/game/5819?SearchBoard=1,V,CONFIRMED_NAME,,순수승급,Curse,적,단일,,"단일 저주. AC +65, 마법방어 -30%.",순수 1차 승급/저주 면역 적용,숙련도 적용,데프레타,EFFECT_VERIFIED,V,https://lod.nexon.com/community/game/7799?SearchBoard=1,순수법사 저주 연계. 구자료와 2025 정리 교차.,INCLUDE
SK_마법사_051,델리스펠라스,마법사,순수1차,마법,MP,,,,,https://lod.nexon.com/community/game/5819?SearchBoard=1,V,CONFIRMED_NAME,,순수승급,Defense,자신,자신,,마법/기술 방어 계열 토글,순수 1차 승급,숙련도 적용,,EFFECT_VERIFIED,FAN-VERIFIED,https://www.namu.moe/w/%EC%96%B4%EB%91%A0%EC%9D%98%20%EC%A0%84%EC%84%A4/%EA%B8%B0%EC%88%A0%EB%A7%88%EB%B2%95,,INCLUDE
SK_마법사_052,포트리스,마법사,순수1차,마법,MP,,,,,https://lod.nexon.com/community/game/5819?SearchBoard=1,V,CONFIRMED_NAME,,순수승급,Defense,자신,자신,,기술공격 완전 방어 계열 토글,순수 1차 승급,숙련도 적용,,EFFECT_VERIFIED,FAN-VERIFIED,https://www.namu.moe/w/%EC%96%B4%EB%91%A0%EC%9D%98%20%EC%A0%84%EC%84%A4/%EA%B8%B0%EC%88%A0%EB%A7%88%EB%B2%95,,INCLUDE
SK_성직자_001,쿠로,성직자,일반,마법,MP,,,,,https://lod.nexon.com/info/guide/82293,O/V,CONFIRMED_NAME,,1,Heal,아군/자신,단일,,초급 단일 회복,MP 필요,낮은 숙련도 실패 가능,,EFFECT_VERIFIED,V,https://lod.nexon.com/News/notice/102752,,INCLUDE
SK_성직자_002,수혈,성직자,일반,마법,MP,,,,,https://lod.nexon.com/info/guide/82293,O/V,CONFIRMED_NAME,,1,HP Transfer / AoE Heal,주변 아군,자신 주변,,자신의 HP를 소모해 주변 인원의 HP를 회복. 사용자 기억상 회복량은 대상 체력의 약 10% 수준.,자신 HP가 소모 가능해야 함. 주변 아군 대상.,숙련도 적용,,USER_CONFIRMED,U+V,https://lod.nexon.com/Community/game/7538?Category2=1&SearchBoard=1,약 10%는 사용자 기억값이므로 [U]로 관리. 자신의 정확 HP 소모량/회복 기준(대상 최대HP인지 현재HP인지)은 미확정.,INCLUDE
SK_성직자_003,디렌토,성직자,일반,마법,MP,,,,,https://lod.nexon.com/info/guide/82293,O/V,CONFIRMED_NAME,,1,Dispel,아군/자신,단일,,렌토 해제,렌토 상태,낮은 숙련도 실패 가능,렌토,EFFECT_VERIFIED,V,https://lod.nexon.com/News/notice/102752,,INCLUDE
SK_성직자_004,벨라르모,성직자,일반,마법,MP,,,,,https://lod.nexon.com/info/guide/82293,O/V,CONFIRMED_NAME,,2,Buff,아군/자신,단일,,명중/HIT 증가 계열 축복,MP 필요,낮은 숙련도 실패 가능,,EFFECT_VERIFIED,V,https://lod.nexon.com/News/notice/102752,,INCLUDE
SK_성직자_005,쿠라노,성직자,일반,마법,MP,,,,,https://lod.nexon.com/info/guide/82293,O/V,CONFIRMED_NAME,,2,Heal,아군/자신,단일,,쿠로 상위 단일 회복,MP 필요,낮은 숙련도 실패 가능,쿠로,EFFECT_VERIFIED,V,https://lod.nexon.com/News/notice/102752,,INCLUDE
SK_성직자_006,디바르도,성직자,일반,마법,MP,,,,,https://lod.nexon.com/info/guide/82293,O/V,CONFIRMED_NAME,,2,Dispel,아군/자신,단일,,바르도 해제,바르도 상태,낮은 숙련도 실패 가능,,EFFECT_VERIFIED,V,https://lod.nexon.com/News/notice/102752,,INCLUDE
SK_성직자_007,쿠러스,성직자,일반,마법,MP,,,,,https://lod.nexon.com/info/guide/82293,O/V,CONFIRMED_NAME,,2,Heal,아군/자신,단일,,저MP 단일 회복 계열,MP 필요,낮은 숙련도 실패 가능,,EFFECT_VERIFIED,V,https://lod.nexon.com/News/notice/102752,,INCLUDE
SK_성직자_008,디베노모,성직자,일반,마법,MP,,,,,https://lod.nexon.com/info/guide/82293,O/V,CONFIRMED_NAME,,2,Dispel,아군/자신,단일,,베노미 해제,베노미 상태,낮은 숙련도 실패 가능,,EFFECT_VERIFIED,FAN-VERIFIED,https://www.namu.moe/w/%EC%96%B4%EB%91%A0%EC%9D%98%20%EC%A0%84%EC%84%A4/%EA%B8%B0%EC%88%A0%EB%A7%88%EB%B2%95,,INCLUDE
SK_성직자_009,에나르마,성직자,일반,마법,MP,,,,,https://lod.nexon.com/info/guide/82293,O/V,CONFIRMED_NAME,,2,Buff,아군/자신,단일,,DAM 증가 계열 축복,MP 필요,낮은 숙련도 실패 가능,,EFFECT_VERIFIED,V,https://lod.nexon.com/News/notice/102752,,INCLUDE
SK_성직자_010,베누스티,성직자,일반,마법,MP,,,,,https://lod.nexon.com/info/guide/82293,O/V,CONFIRMED_NAME,,2,Excluded,-,-,,몬스터 길들이기 계열로 확인되나 PROJECT DARK 현재 런타임에서 제외.,사용자 명시적 제외 결정.,-,,EXCLUDED_BY_DESIGN,U,,Master에는 역사/추적용으로 행을 보존하되 runtime export 대상에서 제외.,EXCLUDE
SK_성직자_011,쿠라노소,성직자,일반,마법,MP,,,,,https://lod.nexon.com/info/guide/82293,O/V,CONFIRMED_NAME,,2,Heal,아군/자신,단일,,"3단계 단일 힐링. 쿠라노 상위. 구 자료 기준 MP 440, 99/WIS109에서 약 +4500 회복.",MP 필요,낮은 숙련도 실패 가능,쿠라노,EFFECT_VERIFIED,FAN/V,https://www.namu.moe/w/%EC%96%B4%EB%91%A0%EC%9D%98%20%EC%A0%84%EC%84%A4/%EA%B8%B0%EC%88%A0%EB%A7%88%EB%B2%95,2022 보상 기준 Lv39. 수치는 시대별 밸런스 차이 가능.,INCLUDE
SK_성직자_012,바르도,성직자,일반,마법,MP,,,,,https://lod.nexon.com/info/guide/82293,O/V,CONFIRMED_NAME,,2,Curse,적,단일,,"2단계 저주. AC +35, 마법방어 -10%.",저주 면역/중복 규칙 적용,낮은 숙련도 실패 가능,렌토 계열,EFFECT_VERIFIED,V/FAN,https://lod.nexon.com/community/game/7799?SearchBoard=1,성직자도 2022 보상 기준 Lv40 마법서.,INCLUDE
SK_성직자_013,홀리볼트,성직자,일반,마법,MP,,,,,https://lod.nexon.com/info/guide/82293,O/V,CONFIRMED_NAME,,3,Magic Attack,적,단일,生/光,성직자 범용 빛 속성 공격마법.,MP 필요,숙련도 적용,홀리쇼크 계열,EFFECT_VERIFIED,O/V,https://lod.nexon.com/News/update/4933,2021 공식 업데이트에서 요구특성/선수과목 조정. 2022 보상 Lv42.,INCLUDE
SK_성직자_014,디데프레카,성직자,일반,마법,MP,,,,,https://lod.nexon.com/info/guide/82293,O/V,CONFIRMED_NAME,,3,Dispel,아군/자신,단일,,데프레코/데프레타 저주 해제.,해당 저주 상태,숙련도 적용,,EFFECT_VERIFIED,FAN/V,https://www.namu.moe/w/%EC%96%B4%EB%91%A0%EC%9D%98%20%EC%A0%84%EC%84%A4/%EA%B8%B0%EC%88%A0%EB%A7%88%EB%B2%95,2022 보상 Lv46.,INCLUDE
SK_성직자_015,쿠라누스,성직자,일반,마법,MP,,,,,https://lod.nexon.com/info/guide/82293,O/V,CONFIRMED_NAME,,3,Group Heal,아군,그룹/범위,,"2단계 그룹힐. 쿠러스 상위, 단일 쿠라노와 유사한 회복량. 구 자료 MP 450.",그룹원/MP 필요,숙련도 적용,쿠러스+쿠라노소 계열,EFFECT_VERIFIED,FAN/V,https://www.namu.moe/w/%EC%96%B4%EB%91%A0%EC%9D%98%20%EC%A0%84%EC%84%A4/%EA%B8%B0%EC%88%A0%EB%A7%88%EB%B2%95,2010 조건 변경: 선수과목 쿠라노소 45. 2022 보상 Lv47.,INCLUDE
SK_성직자_016,쿠랄툼,성직자,일반,마법,MP,,,,,https://lod.nexon.com/info/guide/82293,O/V,CONFIRMED_NAME,,3,Regen Buff,자신,자신,,체력 재생력 향상,MP/지속 조건 확인,숙련도 적용,,EFFECT_VERIFIED,FAN-VERIFIED,https://www.namu.moe/w/%EC%96%B4%EB%91%A0%EC%9D%98%20%EC%A0%84%EC%84%A4/%EA%B8%B0%EC%88%A0%EB%A7%88%EB%B2%95,,INCLUDE
SK_성직자_017,실드,성직자,일반,마법,MP,,,,,https://lod.nexon.com/info/guide/82293,O/V,CONFIRMED_NAME,,3,Defense Buff,아군/자신,단일,,보호/방어 계열 마법,MP 필요,낮은 숙련도 실패 가능,,EFFECT_VERIFIED,V,https://lod.nexon.com/community/game/3411?SearchBoard=1,,INCLUDE
SK_성직자_018,콜라마,성직자,일반,마법,MP,,,,,https://lod.nexon.com/info/guide/82293,O/V,CONFIRMED_NAME,,3,Buff,아군/자신,단일,,갑옷무장. 자료상 AC -10,MP 필요,낮은 숙련도 실패 가능,,EFFECT_VERIFIED,V,https://lod.nexon.com/News/notice/102752,,INCLUDE
SK_성직자_019,수페라벨라르모,성직자,일반,마법,MP,,,,,https://lod.nexon.com/info/guide/82293,O/V,CONFIRMED_NAME,,3,Buff,아군/자신,단일,,벨라르모 상위 HIT 버프,MP 필요,낮은 숙련도 실패 가능,벨라르모,EFFECT_VERIFIED,V,https://lod.nexon.com/News/notice/102752,,INCLUDE
SK_성직자_020,홀리블로우,성직자,일반,마법,MP,,,,,https://lod.nexon.com/info/guide/82293,O/V,CONFIRMED_NAME,,4,Magic Attack,적,단일,生/光,"빛 속성 3단계 공격마법. 홀리볼트 상위, 지존 이전 성직자 최상위 공격계열.",MP 필요,숙련도 적용,홀리볼트,EFFECT_VERIFIED,FAN/V,https://www.namu.moe/w/%EC%96%B4%EB%91%A0%EC%9D%98%20%EC%A0%84%EC%84%A4/%EA%B8%B0%EC%88%A0%EB%A7%88%EB%B2%95,2022 보상 Lv72.,INCLUDE
SK_성직자_021,수페라쿠라노,성직자,일반,마법,MP,,,,,https://lod.nexon.com/info/guide/82293,O/V,CONFIRMED_NAME,,3,Heal,아군/자신,단일,,상위 단일 회복,MP 필요,낮은 숙련도 실패 가능,쿠라노,EFFECT_VERIFIED,V,https://lod.nexon.com/News/notice/102752,,INCLUDE
SK_성직자_022,로카메아,성직자,일반,마법,MP,,,,,https://lod.nexon.com/info/guide/82293,O/V,CONFIRMED_NAME,,4,Summon Player,그룹원,그룹원→시전자 위치,,같은 그룹의 유저를 자신의 위치로 소환.,같은 그룹/허용 지역,숙련도 적용,,EFFECT_VERIFIED,FAN/V,https://www.namu.moe/w/%EC%96%B4%EB%91%A0%EC%9D%98%20%EC%A0%84%EC%84%A4/%EA%B8%B0%EC%88%A0%EB%A7%88%EB%B2%95,2022 보상 Lv75.,INCLUDE
SK_성직자_023,디프라바,성직자,일반,마법,MP,,,,,https://lod.nexon.com/info/guide/82293,O/V,CONFIRMED_NAME,,4,Dispel,아군/자신,단일,,프라보/프라베라 저주 해제.,해당 저주 상태,숙련도 적용,,EFFECT_VERIFIED,FAN/V,https://www.namu.moe/w/%EC%96%B4%EB%91%A0%EC%9D%98%20%EC%A0%84%EC%84%A4/%EA%B8%B0%EC%88%A0%EB%A7%88%EB%B2%95,2022 보상 Lv77.,INCLUDE
SK_성직자_024,리치마나,성직자,일반,마법,MP,,,,,https://lod.nexon.com/info/guide/82293,O/V,CONFIRMED_NAME,,4,Resource Transfer,아군,단일,,그룹원의 남은 MP를 가져옴,아군 대상/MP 조건,낮은 숙련도 실패 가능,,EFFECT_VERIFIED,V,https://lod.nexon.com/News/notice/102752,,INCLUDE
SK_성직자_025,소모니아,성직자,일반,마법,MP,,,,,https://lod.nexon.com/info/guide/82293,O/V,CONFIRMED_NAME,,4,Summon Monster,몬스터/소환체,시전자 주변,,자신이 사냥한 하급 몬스터를 소환. 상급/특정 몬스터는 제한.,소환 가능 몬스터 조건,숙련도 적용,,EFFECT_VERIFIED,FAN/V,https://www.namu.moe/w/%EC%96%B4%EB%91%A0%EC%9D%98%20%EC%A0%84%EC%84%A4/%EA%B8%B0%EC%88%A0%EB%A7%88%EB%B2%95,2022 보상 Lv78. exact 대상 필터는 별도 Monster_Master 규칙으로 분리.,INCLUDE
SK_성직자_026,디소루마,성직자,일반,마법,MP,,,,,https://lod.nexon.com/info/guide/82293,O/V,CONFIRMED_NAME,,4,Dispel,아군/자신,단일,,소루마(동결) 해제.,소루마 상태,숙련도 적용,,EFFECT_VERIFIED,FAN/V,https://www.namu.moe/w/%EC%96%B4%EB%91%A0%EC%9D%98%20%EC%A0%84%EC%84%A4/%EA%B8%B0%EC%88%A0%EB%A7%88%EB%B2%95,2022 보상 Lv79.,INCLUDE
SK_성직자_027,쿠라네라,성직자,일반,마법,MP,,,,,https://lod.nexon.com/info/guide/82293,O/V,CONFIRMED_NAME,,4,Group Heal,아군,그룹 전체,,그룹 전체 회복 계열,MP 필요,낮은 숙련도 실패 가능,,EFFECT_VERIFIED,V,https://lod.nexon.com/News/notice/102752,,INCLUDE
SK_성직자_028,호르라마,성직자,일반,마법,MP,,,,,https://lod.nexon.com/info/guide/82293,O/V,CONFIRMED_NAME,,4,Defense Buff,아군/자신,단일,,받는 피해 감소 보호 마법,MP 필요,낮은 숙련도 실패 가능,,EFFECT_VERIFIED,V,https://lod.nexon.com/News/notice/102752,,INCLUDE
SK_성직자_029,이모탈,성직자,일반,마법,MP,,,,,https://lod.nexon.com/info/guide/82293,O/V,CONFIRMED_NAME,,4,Invulnerability,아군/자신,단일,,무적/보호 계열,MP 필요/해제 규칙 별도,낮은 숙련도 실패 가능,,EFFECT_VERIFIED,V,https://lod.nexon.com/community/game/3411?SearchBoard=1,,INCLUDE
SK_성직자_030,코마디아,성직자,일반,마법,MP,,,,,https://lod.nexon.com/info/guide/82293,O/V,CONFIRMED_NAME,,5,Revive/Coma,아군,단일,,코마 상태 구조/회복 계열 핵심 마법,코마 대상; 1차 승급 자격 판정에 포함,승급 조건: 숙련도 MAX,,EFFECT_VERIFIED,O/V,https://lod.nexon.com/Community/game/7650?Category2=1&Page=1&SearchBoard=1,승급 필수 스킬로 공식/공식호스팅 자료 재검증,INCLUDE
SK_성직자_031,리베라토,성직자,일반,마법,MP,,,,,https://lod.nexon.com/info/guide/82293,O/V,CONFIRMED_NAME,성공률 기반 기술. 성공률 공식 확인 필요.,5,Dispel,대상,단일,,다수 마법 효과 해제; 이로운 효과도 해제될 수 있음,해제 가능한 효과만; 1차 승급 자격 판정에 포함,승급 조건: 숙련도 MAX,,EFFECT_VERIFIED,FAN-VERIFIED,https://www.namu.moe/w/%EC%96%B4%EB%91%A0%EC%9D%98%20%EC%A0%84%EC%84%A4/%EA%B8%B0%EC%88%A0%EB%A7%88%EB%B2%95,승급 필수 스킬로 공식/공식호스팅 자료 재검증,INCLUDE
SK_성직자_032,엑스쿠라노,성직자,일반,마법,MP,,,,,https://lod.nexon.com/info/guide/82293,O/V,CONFIRMED_NAME,,5,Heal,아군/자신,단일,,5단계 단일 회복,MP 필요,숙련도 적용,수페라쿠라노,EFFECT_VERIFIED,FAN-VERIFIED,https://www.namu.moe/w/%EC%96%B4%EB%91%A0%EC%9D%98%20%EC%A0%84%EC%84%A4/%EA%B8%B0%EC%88%A0%EB%A7%88%EB%B2%95,,INCLUDE
SK_성직자_033,엑스쿠라네라,성직자,일반,마법,MP,,,,,https://lod.nexon.com/info/guide/82293,O/V,CONFIRMED_NAME,,5,Group Heal,아군,그룹 전체,,최상위 비승급 그룹힐 계열,MP 필요,숙련도 적용,쿠라네라,EFFECT_VERIFIED,FAN-VERIFIED,https://www.namu.moe/w/%EC%96%B4%EB%91%A0%EC%9D%98%20%EC%A0%84%EC%84%A4/%EA%B8%B0%EC%88%A0%EB%A7%88%EB%B2%95,,INCLUDE
SK_성직자_034,리플렉토,성직자,일반,마법,MP,,,,,https://lod.nexon.com/info/guide/82293,O/V,CONFIRMED_NAME,,5,Reflect,아군/자신,단일,,마법공격 반사 계열,MP 필요,숙련도 적용,,EFFECT_VERIFIED,V,https://lod.nexon.com/News/notice/102752,,INCLUDE
SK_성직자_035,수페라에나르마,성직자,1차승급,마법,MP,,,,,https://lod.nexon.com/info/guide/82293,O/V,CONFIRMED_NAME,,승급,Buff,아군/자신,단일,,에나르마 상위 DAM 버프,1차 승급,숙련도 적용,에나르마,EFFECT_VERIFIED,V,https://lod.nexon.com/News/notice/102752,,INCLUDE
SK_성직자_036,엑스벨라룸,성직자,1차승급,마법,MP,,,,,https://lod.nexon.com/info/guide/82293,O/V,CONFIRMED_NAME,,승급,Buff,아군/자신,단일,,수페라벨라르모 상위 HIT 버프,1차 승급,숙련도 적용,수페라벨라르모,EFFECT_VERIFIED,V,https://lod.nexon.com/News/notice/102752,,INCLUDE
SK_성직자_037,칸의축복,성직자,1차승급,마법,MP,,,,,https://lod.nexon.com/info/guide/82293,O/V,CONFIRMED_NAME,,승급,Magic Defense Buff,아군/자신,단일,,마법 회피/방어 증가 계열,1차 승급,숙련도 적용,,EFFECT_VERIFIED,FAN-VERIFIED,https://www.namu.moe/w/%EC%96%B4%EB%91%A0%EC%9D%98%20%EC%A0%84%EC%84%A4/%EA%B8%B0%EC%88%A0%EB%A7%88%EB%B2%95,,INCLUDE
SK_성직자_038,신의축복,성직자,1차승급,마법,MP,,,,,https://lod.nexon.com/info/guide/82293,O/V,CONFIRMED_NAME,,승급,Group Buff,아군,그룹 전체,,그룹원에게 호르라마/콜라마/엑스벨라룸/수페라에나르마 계열 일괄 부여,1차 승급,각 버프별 성공 판정 자료 존재,,EFFECT_VERIFIED,FAN-VERIFIED,https://www.namu.moe/w/%EC%96%B4%EB%91%A0%EC%9D%98%20%EC%A0%84%EC%84%A4/%EA%B8%B0%EC%88%A0%EB%A7%88%EB%B2%95,,INCLUDE
SK_성직자_039,홀리큐어,성직자,1차승급,마법,MP,,,,,https://lod.nexon.com/info/guide/82293,O/V,CONFIRMED_NAME,,승급,Dispel,아군/자신,단일,,어둠의각인 해제,1차 승급/대상 저주,숙련도 적용,어둠의각인,EFFECT_VERIFIED,FAN-VERIFIED,https://www.namu.moe/w/%EC%96%B4%EB%91%A0%EC%9D%98%20%EC%A0%84%EC%84%A4/%EA%B8%B0%EC%88%A0%EB%A7%88%EB%B2%95,,INCLUDE
SK_성직자_040,홀리드래곤,성직자,순수1차,마법,MP,,,,,https://lod.nexon.com/info/guide/82293,O/V,CONFIRMED_NAME,,순수승급,Magic Burst,적,화면 전체,闇,순수 성직자 전체공격; MP 전량 소모,순수 1차 승급,숙련도 적용,,EFFECT_VERIFIED,FAN-VERIFIED,https://www.namu.moe/w/%EC%96%B4%EB%91%A0%EC%9D%98%20%EC%A0%84%EC%84%A4/%EA%B8%B0%EC%88%A0%EB%A7%88%EB%B2%95,,INCLUDE
SK_성직자_041,디렌타,성직자,순수1차,마법,MP,,,,,https://lod.nexon.com/info/guide/82293,O/V,CONFIRMED_NAME,,순수승급,Group Dispel,아군,그룹 전체,,렌토/렌티아 계열 해제,순수 1차 승급,숙련도 적용,,EFFECT_VERIFIED,FAN-VERIFIED,https://www.namu.moe/w/%EC%96%B4%EB%91%A0%EC%9D%98%20%EC%A0%84%EC%84%A4/%EA%B8%B0%EC%88%A0%EB%A7%88%EB%B2%95,,INCLUDE
SK_성직자_042,디바르데아,성직자,순수1차,마법,MP,,,,,https://lod.nexon.com/info/guide/82293,O/V,CONFIRMED_NAME,,순수승급,Group Dispel,아군,그룹 전체,,바르도/바르데아 계열 해제,순수 1차 승급,숙련도 적용,,EFFECT_VERIFIED,FAN-VERIFIED,https://www.namu.moe/w/%EC%96%B4%EB%91%A0%EC%9D%98%20%EC%A0%84%EC%84%A4/%EA%B8%B0%EC%88%A0%EB%A7%88%EB%B2%95,,INCLUDE
SK_성직자_043,디데프레타,성직자,순수1차,마법,MP,,,,,https://lod.nexon.com/info/guide/82293,O/V,CONFIRMED_NAME,,순수승급,Group Dispel,아군,그룹 전체,,데프레코/데프레타 계열 해제,순수 1차 승급,숙련도 적용,,EFFECT_VERIFIED,FAN-VERIFIED,https://www.namu.moe/w/%EC%96%B4%EB%91%A0%EC%9D%98%20%EC%A0%84%EC%84%A4/%EA%B8%B0%EC%88%A0%EB%A7%88%EB%B2%95,,INCLUDE
SK_성직자_044,디프라베라,성직자,순수1차,마법,MP,,,,,https://lod.nexon.com/info/guide/82293,O/V,CONFIRMED_NAME,,순수승급,Group Dispel,아군,그룹 전체,,프라보/프라베라 계열 해제,순수 1차 승급,숙련도 적용,,EFFECT_VERIFIED,FAN-VERIFIED,https://www.namu.moe/w/%EC%96%B4%EB%91%A0%EC%9D%98%20%EC%A0%84%EC%84%A4/%EA%B8%B0%EC%88%A0%EB%A7%88%EB%B2%95,,INCLUDE
SK_성직자_045,홀리큐레스,성직자,순수1차,마법,MP,,,,,https://lod.nexon.com/info/guide/82293,O/V,CONFIRMED_NAME,,순수승급,Group Dispel,아군,그룹 전체,,어둠의각인 계열 해제,순수 1차 승급,숙련도 적용,,EFFECT_VERIFIED,FAN-VERIFIED,https://www.namu.moe/w/%EC%96%B4%EB%91%A0%EC%9D%98%20%EC%A0%84%EC%84%A4/%EA%B8%B0%EC%88%A0%EB%A7%88%EB%B2%95,,INCLUDE
SK_성직자_046,일루메룸,성직자,순수1차,마법,MP,,,,,https://lod.nexon.com/info/guide/82293,O/V,CONFIRMED_NAME,,순수승급,Group Dispel,아군,그룹 전체,,딜루메니 해제,순수 1차 승급,숙련도 적용,,EFFECT_VERIFIED,FAN-VERIFIED,https://www.namu.moe/w/%EC%96%B4%EB%91%A0%EC%9D%98%20%EC%A0%84%EC%84%A4/%EA%B8%B0%EC%88%A0%EB%A7%88%EB%B2%95,,INCLUDE
SK_성직자_047,디나르콜룸,성직자,순수1차,마법,MP,,,,,https://lod.nexon.com/info/guide/82293,O/V,CONFIRMED_NAME,,순수승급,Group Dispel,아군,그룹 전체,,나르콜리 해제,순수 1차 승급,숙련도 적용,,EFFECT_VERIFIED,FAN-VERIFIED,https://www.namu.moe/w/%EC%96%B4%EB%91%A0%EC%9D%98%20%EC%A0%84%EC%84%A4/%EA%B8%B0%EC%88%A0%EB%A7%88%EB%B2%95,,INCLUDE
SK_성직자_048,디베노메라,성직자,순수1차,마법,MP,,,,,https://lod.nexon.com/info/guide/82293,O/V,CONFIRMED_NAME,,순수승급,Group Dispel,아군,그룹 전체,,베노미 해제,순수 1차 승급,숙련도 적용,,EFFECT_VERIFIED,FAN-VERIFIED,https://www.namu.moe/w/%EC%96%B4%EB%91%A0%EC%9D%98%20%EC%A0%84%EC%84%A4/%EA%B8%B0%EC%88%A0%EB%A7%88%EB%B2%95,,INCLUDE
SK_성직자_049,디소루메라,성직자,순수1차,마법,MP,,,,,https://lod.nexon.com/info/guide/82293,O/V,CONFIRMED_NAME,,순수승급,Group Dispel,아군,그룹 전체,,소루마 해제,순수 1차 승급,숙련도 적용,,EFFECT_VERIFIED,FAN-VERIFIED,https://www.namu.moe/w/%EC%96%B4%EB%91%A0%EC%9D%98%20%EC%A0%84%EC%84%A4/%EA%B8%B0%EC%88%A0%EB%A7%88%EB%B2%95,,INCLUDE
SK_무도가_001,정권,무도가,일반,기술,HP/MP/조건부 - 개별 확인,,,,,https://lod.nexon.com/info/guide/82293,O/V,CONFIRMED_NAME,,1,Attack,적,전방 1칸,,무도가 초기 공격기,직업 습득/지급 계열,숙련도 적용,,EFFECT_VERIFIED,FAN-VERIFIED,https://www.namu.moe/w/%EC%96%B4%EB%91%A0%EC%9D%98%20%EC%A0%84%EC%84%A4/%EA%B8%B0%EC%88%A0%EB%A7%88%EB%B2%95,,INCLUDE
SK_무도가_002,단각,무도가,일반,기술,HP/MP/조건부 - 개별 확인,,,,,https://lod.nexon.com/info/guide/82293,O/V,CONFIRMED_NAME,,2,Attack,적,전방 1칸,,발차기 공격. STR/CON 균형에 따른 위력 자료 존재,유효 대상,숙련도 적용,,EFFECT_VERIFIED,FAN-VERIFIED,https://www.namu.moe/w/%EC%96%B4%EB%91%A0%EC%9D%98%20%EC%A0%84%EC%84%A4/%EA%B8%B0%EC%88%A0%EB%A7%88%EB%B2%95,,INCLUDE
SK_무도가_003,이형환위,무도가,일반,기술,HP/MP/조건부 - 개별 확인,,,,,https://lod.nexon.com/info/guide/82293,O/V,CONFIRMED_NAME,,2,Movement Utility,대상,대상 넘어 1칸,,대상을 뛰어넘어 뒤로 이동,착지 가능 타일 필요,숙련도 적용,,EFFECT_VERIFIED,FAN-VERIFIED,https://www.namu.moe/w/%EC%96%B4%EB%91%A0%EC%9D%98%20%EC%A0%84%EC%84%A4/%EA%B8%B0%EC%88%A0%EB%A7%88%EB%B2%95,,INCLUDE
SK_무도가_004,미종보법,무도가,일반,기술,HP/MP/조건부 - 개별 확인,,,,,https://lod.nexon.com/info/guide/82293,O/V,CONFIRMED_NAME,,2,Evasion Buff,자신,자신,,회피율 증가 계열,활성/지속시간 확인 필요,숙련도 적용,,EFFECT_VERIFIED,FAN-VERIFIED,https://www.namu.moe/w/%EC%96%B4%EB%91%A0%EC%9D%98%20%EC%A0%84%EC%84%A4/%EA%B8%B0%EC%88%A0%EB%A7%88%EB%B2%95,,INCLUDE
SK_무도가_005,양의신권,무도가,일반,기술,HP/MP/조건부 - 개별 확인,,,,,https://lod.nexon.com/info/guide/82293,O/V,CONFIRMED_NAME,,2,Passive/Attack,적,기본공격 연동,,더블어택 계열 2타,기본공격 입력,숙련도 적용,,EFFECT_VERIFIED,FAN-VERIFIED,https://www.namu.moe/w/%EC%96%B4%EB%91%A0%EC%9D%98%20%EC%A0%84%EC%84%A4/%EA%B8%B0%EC%88%A0%EB%A7%88%EB%B2%95,,INCLUDE
SK_무도가_006,통배권,무도가,일반,기술,HP/MP/조건부 - 개별 확인,,,,,https://lod.nexon.com/info/guide/82293,O/V,CONFIRMED_NAME,,2,Poison Attack,적,근접 단일,,공격과 함께 지속 피해/중독,유효 대상/면역,숙련도 적용,,EFFECT_VERIFIED,FAN-VERIFIED,https://www.namu.moe/w/%EC%96%B4%EB%91%A0%EC%9D%98%20%EC%A0%84%EC%84%A4/%EA%B8%B0%EC%88%A0%EB%A7%88%EB%B2%95,,INCLUDE
SK_무도가_007,붕각,무도가,일반,기술,HP/MP/조건부 - 개별 확인,,,,,https://lod.nexon.com/info/guide/82293,O/V,CONFIRMED_NAME,,3,Attack,적,전방 1칸,,단각 상위 발차기. STR/CON 균형 영향,유효 대상,숙련도 적용,단각,EFFECT_VERIFIED,FAN-VERIFIED,https://www.namu.moe/w/%EC%96%B4%EB%91%A0%EC%9D%98%20%EC%A0%84%EC%84%A4/%EA%B8%B0%EC%88%A0%EB%A7%88%EB%B2%95,,INCLUDE
SK_무도가_008,경신공,무도가,일반,기술,HP/MP/조건부 - 개별 확인,,,,,https://lod.nexon.com/info/guide/82293,O/V,CONFIRMED_NAME,,3,Movement Buff,자신,자신,,이동속도 증가 의도. 현재/버전별 실제 효과 차이 자료 존재,버전 정책 필요,숙련도 적용,,EFFECT_VERIFIED,FAN-VERIFIED,https://www.namu.moe/w/%EC%96%B4%EB%91%A0%EC%9D%98%20%EC%A0%84%EC%84%A4/%EA%B8%B0%EC%88%A0%EB%A7%88%EB%B2%95,,INCLUDE
SK_무도가_009,백보신권,무도가,일반,기술,HP/MP/조건부 - 개별 확인,,,,,https://lod.nexon.com/info/guide/82293,O/V,CONFIRMED_NAME,,3,Attack,적,전방 3칸,,윈드블레이드와 동일한 전방 3칸 공격,유효 대상,숙련도 적용,,EFFECT_VERIFIED,FAN-VERIFIED,https://www.namu.moe/w/%EC%96%B4%EB%91%A0%EC%9D%98%20%EC%A0%84%EC%84%A4/%EA%B8%B0%EC%88%A0%EB%A7%88%EB%B2%95,,INCLUDE
SK_무도가_010,일음지,무도가,일반,기술,HP/MP/조건부 - 개별 확인,,,,,https://lod.nexon.com/info/guide/82293,O/V,CONFIRMED_NAME,,3,Blind Attack,적,전방 1칸,,대상에게 실명/딜루메니 효과,유효 대상,숙련도 적용,,EFFECT_VERIFIED,FAN-VERIFIED,https://www.namu.moe/w/%EC%96%B4%EB%91%A0%EC%9D%98%20%EC%A0%84%EC%84%A4/%EA%B8%B0%EC%88%A0%EB%A7%88%EB%B2%95,,INCLUDE
SK_무도가_011,흡정신공,무도가,일반,기술,HP/MP/조건부 - 개별 확인,,,,,https://lod.nexon.com/info/guide/82293,O/V,CONFIRMED_NAME,,3,Execute/Drain,적,단일,,대상 HP가 매우 낮을 때 체력 흡수 계열,자료상 대상 HP 약 5% 미만,숙련도 적용,,EFFECT_VERIFIED,FAN-VERIFIED,https://www.namu.moe/w/%EC%96%B4%EB%91%A0%EC%9D%98%20%EC%A0%84%EC%84%A4/%EA%B8%B0%EC%88%A0%EB%A7%88%EB%B2%95,,INCLUDE
SK_무도가_012,쿠랄툼,무도가,일반,기술,HP/MP/조건부 - 개별 확인,,,,,https://lod.nexon.com/info/guide/82293,O/V,CONFIRMED_NAME,,3,Regen Buff,자신,자신,,체력 재생력 향상,MP/지속 조건 확인,숙련도 적용,,EFFECT_VERIFIED,FAN-VERIFIED,https://www.namu.moe/w/%EC%96%B4%EB%91%A0%EC%9D%98%20%EC%A0%84%EC%84%A4/%EA%B8%B0%EC%88%A0%EB%A7%88%EB%B2%95,,INCLUDE
SK_무도가_013,철포삼,무도가,일반,기술,HP/MP/조건부 - 개별 확인,,,,,https://lod.nexon.com/info/guide/82293,O/V,CONFIRMED_NAME,,3,Defense Buff,자신,자신,,자기무장. 자료상 AC -10,콜라마와 중복 불가 자료 존재,숙련도 적용,,EFFECT_VERIFIED,FAN-VERIFIED,https://www.namu.moe/w/%EC%96%B4%EB%91%A0%EC%9D%98%20%EC%A0%84%EC%84%A4/%EA%B8%B0%EC%88%A0%EB%A7%88%EB%B2%95,,INCLUDE
SK_무도가_014,선풍각,무도가,일반,기술,HP/MP/조건부 - 개별 확인,,,,,https://lod.nexon.com/info/guide/82293,O/V,CONFIRMED_NAME,,4,Attack,적,사방 1칸,,사방 발차기 공격. STR/CON 영향,유효 대상,숙련도 적용,붕각 계열,EFFECT_VERIFIED,FAN-VERIFIED,https://www.namu.moe/w/%EC%96%B4%EB%91%A0%EC%9D%98%20%EC%A0%84%EC%84%A4/%EA%B8%B0%EC%88%A0%EB%A7%88%EB%B2%95,,INCLUDE
SK_무도가_015,장풍,무도가,일반,기술,HP/MP/조건부 - 개별 확인,,,,,https://lod.nexon.com/info/guide/82293,O/V,CONFIRMED_NAME,,4,Magic Attack,적,원거리 단일,장착 목걸이 속성,원거리 공격 마법. 공격속성은 장착 목걸이를 따르는 자료가 있으며 속성 판별용으로도 활용.,MP 필요,숙련도 적용,,EFFECT_VERIFIED,FAN/V,https://www.namu.moe/w/%EC%96%B4%EB%91%A0%EC%9D%98%20%EC%A0%84%EC%84%A4/%EA%B8%B0%EC%88%A0%EB%A7%88%EB%B2%95,2022 보상 Lv72.,INCLUDE
SK_무도가_016,금강불괴,무도가,일반,기술,HP/MP/조건부 - 개별 확인,,,,,https://lod.nexon.com/info/guide/82293,O/V,CONFIRMED_NAME,,4,Invulnerability,자신,자신,,"무적 마법. 구 팬자료 기준 약 9초 유지, 전딜/후딜 없음. 실패 가능성 및 MP200 자료 존재.",MP 필요,실패 가능,,EFFECT_VERIFIED,FAN/V,https://www.namu.moe/w/%EC%96%B4%EB%91%A0%EC%9D%98%20%EC%A0%84%EC%84%A4/%EA%B8%B0%EC%88%A0%EB%A7%88%EB%B2%95,2022 보상 Lv74. exact 지속/MP는 시대별 차이 가능.,INCLUDE
SK_무도가_017,쿠라노토,무도가,일반,기술,HP/MP/조건부 - 개별 확인,,,,,https://lod.nexon.com/info/guide/82293,O/V,CONFIRMED_NAME,,4,Self Heal,자신,자신,,쿠로토 상위 자기회복 마법. 구 자료 스킬100에서 HP 약500 회복.,MP 필요,숙련도 적용,쿠로토,EFFECT_VERIFIED,FAN/V,https://www.namu.moe/w/%EC%96%B4%EB%91%A0%EC%9D%98%20%EC%A0%84%EC%84%A4/%EA%B8%B0%EC%88%A0%EB%A7%88%EB%B2%95,2022 보상 Lv74.,INCLUDE
SK_무도가_018,발경,무도가,일반,기술,HP/MP/조건부 - 개별 확인,,,,,https://lod.nexon.com/info/guide/82293,O/V,CONFIRMED_NAME,,4,Freeze Attack,적,근접 단일,,공격과 함께 동결/행동불가,해제/면역 가능,숙련도 적용,,EFFECT_VERIFIED,FAN-VERIFIED,https://www.namu.moe/w/%EC%96%B4%EB%91%A0%EC%9D%98%20%EC%A0%84%EC%84%A4/%EA%B8%B0%EC%88%A0%EB%A7%88%EB%B2%95,,INCLUDE
SK_무도가_019,소수신공,무도가,일반,기술,HP/MP/조건부 - 개별 확인,,,,,https://lod.nexon.com/info/guide/82293,O/V,CONFIRMED_NAME,,4,Basic Attack Buff,자신,자신,,기본공격 강화. 구 테스트 자료에서 일정 확률로 기본공격 2배 대미지.,기본공격 사용,숙련도 적용,,EFFECT_VERIFIED,FAN,https://www.namu.moe/w/%EC%96%B4%EB%91%A0%EC%9D%98%20%EC%A0%84%EC%84%A4/%EA%B8%B0%EC%88%A0%EB%A7%88%EB%B2%95,팬자료 확률 약30% 언급. 정식 수치로 고정하지 않음. 2022 보상 Lv77.,INCLUDE
SK_무도가_020,다라밀공,무도가,일반,기술,HP/MP/조건부 - 개별 확인,,,,,https://lod.nexon.com/info/guide/82293,O/V,CONFIRMED_NAME,"클래식 기준 후보식 (HP+MP-1440)×3.38; 후대 ×4 자료 존재. 3.38 사용 원칙, 버전 근거 추가 필요.",5,HP+MP Burst,적,단일/범위 확인 필요,,HP+MP 기반 필살기. 프로젝트 클래식 후보식 별도 보관,최소 MP 1440 자료 존재; 1차 승급 자격 판정에 포함,승급 조건: 숙련도 MAX,,EFFECT_VERIFIED,FAN-VERIFIED,https://www.namu.moe/w/%EC%96%B4%EB%91%A0%EC%9D%98%20%EC%A0%84%EC%84%A4/%EA%B8%B0%EC%88%A0%EB%A7%88%EB%B2%95,승급 필수 스킬로 공식/공식호스팅 자료 재검증,INCLUDE
SK_무도가_021,구양신공,무도가,일반,기술,HP/MP/조건부 - 개별 확인,,,,,https://lod.nexon.com/info/guide/82293,O/V,CONFIRMED_NAME,효과 기준 후보: 현재 HP×0.8. 정확한 판정/시점 검증 필요.,5,HP-Cost/Power,적,단일/범위 확인 필요,,체력 기반 필살 계열,정확 발동/소모 공식 추가 검증 필요; 1차 승급 자격 판정에 포함,승급 조건: 숙련도 MAX,,EFFECT_VERIFIED,O/V,https://lod.nexon.com/Community/game/7650?Category2=1&Page=1&SearchBoard=1,승급 필수 스킬로 공식/공식호스팅 자료 재검증,INCLUDE
SK_무도가_022,반탄신공,무도가,일반,기술,HP/MP/조건부 - 개별 확인,,,,,https://lod.nexon.com/info/guide/82293,O/V,CONFIRMED_NAME,,5,Counter/Reflect,자신,자신,,반탄/반격 계열 기술,세부 반사 규칙 추가 검증 필요,숙련도 적용,,EFFECT_VERIFIED,FAN-VERIFIED,https://www.namu.moe/w/%EC%96%B4%EB%91%A0%EC%9D%98%20%EC%A0%84%EC%84%A4/%EA%B8%B0%EC%88%A0%EB%A7%88%EB%B2%95,,INCLUDE
SK_무도가_023,달마신공,무도가,일반,기술,HP/MP/조건부 - 개별 확인,,,,,https://lod.nexon.com/info/guide/82293,O/V,CONFIRMED_NAME,,5,Fixed Damage Burst,적,전방 단일,,필살기. 자신의 HP 60%를 소모하고 소비 HP의 약 50%에 해당하는 고정피해를 주는 구 자료. 방어/무적 일부를 무시하는 특성.,현재 HP 충분,숙련도 적용,,EFFECT_VERIFIED,FAN/V,https://www.namu.moe/w/%EC%96%B4%EB%91%A0%EC%9D%98%20%EC%A0%84%EC%84%A4/%EA%B8%B0%EC%88%A0%EB%A7%88%EB%B2%95,2021 현자자료에서 특정 던전 몬스터 대상 사용실패 예외 확인.,INCLUDE
SK_무도가_024,연천단각,무도가,1차승급,기술,HP/MP/조건부 - 개별 확인,,,,,https://lod.nexon.com/info/guide/82293,O/V,CONFIRMED_NAME,,승급,Attack,적,근접,,단각 강화형,1차 승급,숙련도 적용,단각,EFFECT_VERIFIED,FAN-VERIFIED,https://www.namu.moe/w/%EC%96%B4%EB%91%A0%EC%9D%98%20%EC%A0%84%EC%84%A4/%EA%B8%B0%EC%88%A0%EB%A7%88%EB%B2%95,,INCLUDE
SK_무도가_025,붕신선각,무도가,1차승급,기술,HP/MP/조건부 - 개별 확인,,,,,https://lod.nexon.com/info/guide/82293,O/V,CONFIRMED_NAME,,승급,Attack AoE,적,자신 주변 8방향(8칸),,붕각의 승급 업그레이드. 자신을 둘러싼 8방향 모두를 공격.,1차 승급 후 습득/지급.,숙련도 적용,붕각,USER_CONFIRMED,U+O,https://lod.nexon.com/news/update/5095,공격 범위는 사용자 확인. 2025 공식 업데이트에서 '캐릭터 승급 시 지급되는 무도가 승급스킬'로 붕신선각을 명시.,INCLUDE
SK_무도가_026,파천각,무도가,1차승급,기술,HP/MP/조건부 - 개별 확인,,,,,https://lod.nexon.com/info/guide/82293,O/V,CONFIRMED_NAME,,승급,Attack AoE,적,범위형(정확 타일 추가 확인),,선풍각의 승급 업그레이드 기술.,1차 승급 후 습득/지급.,숙련도 적용,선풍각,PARTIAL_VERIFIED,O+U,https://lod.nexon.com/news/update/5095,공식 업데이트상 1차 승급 시 지급되는 무도가 승급스킬. 2차 직업 스킬 목록은 별도이며 파천각은 포함되지 않음. 정확 범위는 아직 미확정.,INCLUDE
SK_무도가_027,트리플펀치,무도가,1차승급,기술,HP/MP/조건부 - 개별 확인,,,,,https://lod.nexon.com/info/guide/82293,O/V,CONFIRMED_NAME,,승급,Passive/Attack,적,기본공격 연동,,트리플어택 계열 3타,1차 승급,숙련도 적용,양의신권,EFFECT_VERIFIED,FAN-VERIFIED,https://www.namu.moe/w/%EC%96%B4%EB%91%A0%EC%9D%98%20%EC%A0%84%EC%84%A4/%EA%B8%B0%EC%88%A0%EB%A7%88%EB%B2%95,,INCLUDE
SK_무도가_028,무영신공,무도가,1차승급,기술,HP/MP/조건부 - 개별 확인,,,,,https://lod.nexon.com/info/guide/82293,O/V,CONFIRMED_NAME,,승급,Magic Attack,적,전방 3칸,風,전방 3칸 풍속성 고정 마법공격; 자료상 MP×4,1차 승급/MP 필요,숙련도 적용,,EFFECT_VERIFIED,FAN-VERIFIED,https://www.namu.moe/w/%EC%96%B4%EB%91%A0%EC%9D%98%20%EC%A0%84%EC%84%A4/%EA%B8%B0%EC%88%A0%EB%A7%88%EB%B2%95,,INCLUDE
SK_무도가_029,자기보호,무도가,1차승급,기술,HP/MP/조건부 - 개별 확인,,,,,https://lod.nexon.com/info/guide/82293,O/V,CONFIRMED_NAME,,승급,Defense Buff,자신,자신,,호르라마와 같은 보호 계열,1차 승급,숙련도 적용,무영신공,EFFECT_VERIFIED,FAN-VERIFIED,https://www.namu.moe/w/%EC%96%B4%EB%91%A0%EC%9D%98%20%EC%A0%84%EC%84%A4/%EA%B8%B0%EC%88%A0%EB%A7%88%EB%B2%95,,INCLUDE
